timestamp,iface,internal_ip,external_ip,server_id,server_name,ping_ms,jitter_ms,download_mbps,upload_mbps,result_url
2025-10-15T13:36:27Z,eth0,192.168.50.52,177.170.163.254,47219,CTI - Diadema,4.03,1.57,688.79,307.95,Sem Fone Telecomunicacoes Ltda
2025-10-15T13:41:49Z,eth0,192.168.50.52,177.170.163.254,31133,FORÇA E AÇÃO TELECOM - Diadema,2.83,0.07,703.01,303.78,Sem Fone Telecomunicacoes Ltda
2025-10-15T13:50:16Z,eth0,192.168.50.52,177.170.163.254,47219,CTI - Diadema,2.87,0.46,693.42,200.22,Vivo
2025-10-15T14:00:27Z,eth0,192.168.50.52,177.170.163.254,31133,FORÇA E AÇÃO TELECOM - Diadema,4.09,0.47,693.95,337.5,Vivo
2025-10-15T14:03:16Z,eth0,192.168.50.52,177.170.163.254,27078,Mega Net Telecom Ltda - Diadema,2.75,0.38,248.87,73786976294838.2,Vivo
2025-10-15T14:06:00Z,eth0,192.168.50.52,177.170.163.254,47219,CTI - Diadema,2.8,0.41,1713.49,317.11,Sem Fone Telecomunicacoes Ltda
2025-10-15T14:08:47Z,eth0,192.168.50.52,177.170.163.254,31133,FORÇA E AÇÃO TELECOM - Diadema,2.85,0.88,905.2,363.94,Vivo
2025-10-15T14:09:42Z,eth0,192.168.50.52,177.170.163.254,47219,CTI - Diadema,4.06,0.61,2533.8,191.33,Vivo
2025-10-15T14:10:30Z,eth0,192.168.50.52,177.170.163.254,31133,FORÇA E AÇÃO TELECOM - Diadema,2.82,0.1,693.41,206.72,Vivo
2025-10-15T14:12:48Z,eth0,192.168.50.52,177.170.163.254,27078,Mega Net Telecom Ltda - Diadema,3.24,0.44,305.19,479.0,Vivo
2025-10-15T14:14:42Z,eth0,192.168.50.52,177.170.163.254,31133,FORÇA E AÇÃO TELECOM - Diadema,3.5,0.91,309.83,357.26,Vivo
2025-10-15T14:16:39Z,eth0,192.168.50.52,177.170.163.254,47219,CTI - Diadema,2.86,0.13,167.89,204.71,Vivo
2025-10-15T14:31:09Z,eth0,192.168.50.52,177.170.163.254,31133,FORÇA E AÇÃO TELECOM - Diadema,3.67,0.34,149.97,617.92,Vivo
2025-10-15T14:31:58Z,eth0,192.168.50.52,177.170.163.254,31133,FORÇA E AÇÃO TELECOM - Diadema,2.79,0.31,984.15,212.74,Vivo
2025-10-15T14:32:47Z,eth0,192.168.50.52,177.170.163.254,47219,CTI - Diadema,3.03,1.1,1959.19,310.42,Vivo
2025-10-15T14:34:51Z,eth0,192.168.50.52,177.170.163.254,47219,CTI - Diadema,4.07,0.92,1155.64,252.39,Vivo
2025-10-15T15:00:46Z,eth0,192.168.50.52,177.170.163.254,44965,Interativa Internet Telecom - São Paulo,5.11,1.23,61.56,0.0,Vivo
2025-10-15T15:01:34Z,eth0,192.168.50.52,177.170.163.254,31133,FORÇA E AÇÃO TELECOM - Diadema,3.6,1.05,203.53,722.25,Vivo
2025-10-15T15:05:59Z,eth0,192.168.50.52,177.170.163.254,31133,FORÇA E AÇÃO TELECOM - Diadema,3.53,0.36,0.0,0.0,Vivo
2025-10-15T15:07:17Z,eth0,192.168.50.52,177.170.163.254,31133,FORÇA E AÇÃO TELECOM - Diadema,3.79,0.66,923.55,262.92,None
2025-10-15T15:15:59Z,eth0,192.168.50.52,177.170.163.254,27078,Mega Net Telecom Ltda - Diadema,4.12,0.37,0.0,716.83,None
2025-10-15T15:29:49Z,eth0,192.168.50.52,177.170.163.254,27078,Mega Net Telecom Ltda - Diadema,3.99,0.63,171.69,395.71,None
2025-10-15T15:31:03Z,eth0,192.168.50.52,177.170.163.254,31133,FORÇA E AÇÃO TELECOM - Diadema,3.53,0.65,121.53,248.3,None
2025-10-15T15:32:23Z,eth0,192.168.50.52,177.170.163.254,47219,CTI - Diadema,2.8,0.27,184.39,301.72,None
2025-10-15T15:43:51Z,eth0,192.168.50.52,177.170.163.254,47219,CTI - Diadema,2.66,0.32,226.9,657.39,None
2025-10-15T15:53:08Z,eth0,0.0.0.0,177.170.163.254,31133,FORÇA E AÇÃO TELECOM - Diadema,4.02,0.79,2577.07,485.02,None
2025-10-15T16:01:52Z,eth0,192.168.50.52,177.170.163.254,27078,Mega Net Telecom Ltda - Diadema,3.1,0.52,909.98,350.22,None
2025-10-15T16:04:02Z,eth0,192.168.50.52,177.170.163.254,47219,CTI - Diadema,3.52,0.83,289.74,73786976294838.2,None
2025-10-15T16:45:47Z,eth1,192.168.8.10,177.170.163.254,47219,CTI - Diadema,3.14,0.76,396.54,176.62,None
2025-10-15T17:16:19Z,eth1,192.168.8.10,177.170.163.254,47219,CTI - Diadema,2.18,0.33,2012.52,332.49,Vivo
2025-10-15T17:34:03Z,eth1,192.168.8.10,177.170.163.254,31133,FORÇA E AÇÃO TELECOM - Diadema,2.76,0.21,1743.27,276.97,Vivo
2025-10-15T17:37:23Z,eth1,192.168.8.10,138.97.240.197,27078,Mega Net Telecom Ltda - Diadema,2.88,0.48,1869.29,270.28,Vivo
2025-10-15T17:43:06Z,eth1,192.168.8.10,138.97.240.197,47219,CTI - Diadema,3.46,0.58,680.66,588.05,Provider name not found
2025-10-15T17:56:32Z,eth1,192.168.8.10,138.97.240.197,None,None,None,None,None,None,Vivo
2025-10-15T18:01:58Z,eth1,192.168.8.10,138.97.240.197,47219,CTI - Diadema,2.8,0.36,1166.49,250.17,Vivo
2025-10-15T18:12:03Z,eth1,192.168.8.10,138.97.240.197,47219,CTI - Diadema,2.67,0.41,545.05,394.3,3TEL
2025-10-15T18:12:43Z,eth1,192.168.8.10,138.97.240.197,31133,FORÇA E AÇÃO TELECOM - Diadema,2.82,0.2,259.56,0.0,3TEL
2025-10-15T18:13:06Z,eth1,192.168.8.10,138.97.240.197,None,None,None,None,None,None,3TEL
2025-10-15T18:45:10Z,eth1,192.168.8.10,138.97.240.197,None,None,None,None,None,None,3TEL
2025-10-15T21:47:21Z,eth1,192.168.8.10,138.97.240.197,27078,Mega Net Telecom Ltda - Diadema,2.86,0.11,683.64,295.88,3TEL
2025-10-15T23:35:02Z,eth1,192.168.8.10,138.97.240.197,27078,Mega Net Telecom Ltda - Diadema,2.79,0.14,688.8,303.05,3TEL
2025-10-15T23:43:00Z,eth1,192.168.8.10,138.97.240.197,47219,CTI - Diadema,3.01,0.38,696.88,323.42,3TEL
2025-10-15T23:49:32Z,eth1,192.168.8.10,138.97.240.197,None,None,None,None,None,None,3TEL
2025-10-15T23:56:30Z,eth1,192.168.8.10,138.97.240.197,None,None,None,None,None,None,3TEL
2025-10-16T00:00:30Z,eth1,192.168.8.10,138.97.240.197,None,None,None,None,None,None,3TEL
2025-10-16T00:07:36Z,eth1,192.168.8.10,138.97.240.197,None,None,None,None,None,None,3TEL
2025-10-16T00:15:06Z,eth1,192.168.8.10,138.97.240.197,21107,CLICK & NAVEGUE - Diadema,2.93,0.69,686.94,297.19,3TEL
2025-10-16T00:21:29Z,eth1,192.168.8.10,138.97.240.197,None,None,None,None,None,None,3TEL
2025-10-16T00:28:58Z,eth1,192.168.8.10,138.97.240.197,31133,FORÇA E AÇÃO TELECOM - Diadema,2.87,0.7,687.53,300.66,3TEL
2025-10-16T00:35:30Z,eth1,192.168.8.10,138.97.240.197,None,None,None,None,None,None,3TEL
2025-10-16T00:42:59Z,eth1,192.168.8.10,138.97.240.197,47219,CTI - Diadema,3.08,0.73,696.45,302.45,3TEL
2025-10-16T00:49:26Z,eth1,192.168.8.10,138.97.240.197,47219,CTI - Diadema,2.25,0.48,849.09,298.21,3TEL
2025-10-16T00:49:58Z,eth1,192.168.8.10,138.97.240.197,27078,Mega Net Telecom Ltda - Diadema,2.79,0.18,689.54,302.6,3TEL
2025-10-16T01:22:36Z,eth1,192.168.8.10,138.97.240.197,None,None,0.0,0.0,0.0,0.0,3TEL
2025-10-16T01:23:14Z,eth1,192.168.8.10,138.97.240.197,None,None,0.0,0.0,0.0,0.0,3TEL
2025-10-16T01:24:34Z,eth1,192.168.8.10,138.97.240.197,27078,Mega Net Telecom Ltda - Diadema,2.89,0.36,695.04,293.67,3TEL
2025-10-16T01:25:38Z,eth1,192.168.8.10,138.97.240.197,47219,CTI - Diadema,3.2,0.09,689.06,298.92,3TEL
2025-10-16T01:29:02Z,eth1,192.168.8.10,138.97.240.197,27078,Mega Net Telecom Ltda - Diadema,3.01,0.35,695.76,298.6,3TEL
2025-10-16T01:35:33Z,eth1,192.168.8.10,138.97.240.197,47219,CTI - Diadema,2.95,0.22,341.26,195.6,3TEL
2025-10-16T01:42:30Z,eth1,192.168.8.10,138.97.240.197,None,None,0.0,0.0,0.0,0.0,3TEL
2025-10-16T01:49:29Z,eth1,192.168.8.10,138.97.240.197,None,None,0.0,0.0,0.0,0.0,3TEL
2025-10-16T01:56:28Z,eth1,192.168.8.10,138.97.240.197,31133,FORÇA E AÇÃO TELECOM - Diadema,3.2,0.38,689.11,300.48,3TEL
2025-10-16T02:00:30Z,eth1,192.168.8.10,138.97.240.197,None,None,0.0,0.0,0.0,0.0,3TEL
2025-10-16T02:07:30Z,eth1,192.168.8.10,138.97.240.197,None,None,0.0,0.0,0.0,0.0,3TEL
2025-10-16T02:14:29Z,eth1,192.168.8.10,138.97.240.197,None,None,0.0,0.0,0.0,0.0,3TEL
2025-10-16T02:21:29Z,eth1,192.168.8.10,138.97.240.197,None,None,0.0,0.0,0.0,0.0,3TEL
2025-10-16T02:29:03Z,eth1,192.168.8.10,138.97.240.197,47219,CTI - Diadema,2.4,0.55,694.25,290.97,3TEL
2025-10-16T02:35:29Z,eth1,192.168.8.10,138.97.240.197,None,None,0.0,0.0,0.0,0.0,3TEL
2025-10-16T02:42:30Z,eth1,192.168.8.10,138.97.240.197,None,None,0.0,0.0,0.0,0.0,3TEL
2025-10-16T02:49:36Z,eth1,192.168.8.10,138.97.240.197,None,None,0.0,0.0,0.0,0.0,3TEL
2025-10-16T02:56:29Z,eth1,192.168.8.10,138.97.240.197,None,None,0.0,0.0,0.0,0.0,3TEL
2025-10-16T03:01:03Z,eth1,192.168.8.10,138.97.240.197,27078,Mega Net Telecom Ltda - Diadema,2.76,0.14,322.13,156.16,3TEL
2025-10-16T03:07:29Z,eth1,192.168.8.10,138.97.240.197,None,None,0.0,0.0,0.0,0.0,3TEL
2025-10-16T03:14:30Z,eth1,192.168.8.10,138.97.240.197,None,None,0.0,0.0,0.0,0.0,3TEL
2025-10-16T03:21:59Z,eth1,192.168.8.10,138.97.240.197,31133,FORÇA E AÇÃO TELECOM - Diadema,2.83,0.87,686.08,300.07,3TEL
2025-10-16T03:28:29Z,eth1,192.168.8.10,138.97.240.197,None,None,0.0,0.0,0.0,0.0,3TEL
2025-10-16T03:35:30Z,eth1,192.168.8.10,138.97.240.197,None,None,0.0,0.0,0.0,0.0,3TEL
2025-10-16T03:42:30Z,eth1,192.168.8.10,138.97.240.197,None,None,0.0,0.0,0.0,0.0,3TEL
2025-10-16T03:49:29Z,eth1,192.168.8.10,138.97.240.197,31133,FORÇA E AÇÃO TELECOM - Diadema,2.76,0.18,677.7,303.75,3TEL
2025-10-16T03:56:22Z,eth1,192.168.8.10,138.97.240.197,47219,CTI - Diadema,2.86,0.41,832.19,303.78,3TEL
2025-10-16T04:00:29Z,eth1,192.168.8.10,138.97.240.197,None,None,0.0,0.0,0.0,0.0,3TEL
2025-10-16T04:07:36Z,eth1,192.168.8.10,138.97.240.197,31133,FORÇA E AÇÃO TELECOM - Diadema,2.83,0.49,689.41,299.42,3TEL
2025-10-16T04:14:57Z,eth1,192.168.8.10,138.97.240.197,27078,Mega Net Telecom Ltda - Diadema,2.56,0.23,685.0,306.17,3TEL
2025-10-16T04:21:29Z,eth1,192.168.8.10,138.97.240.197,None,None,0.0,0.0,0.0,0.0,3TEL
2025-10-16T04:28:30Z,eth1,192.168.8.10,138.97.240.197,None,None,0.0,0.0,0.0,0.0,3TEL
2025-10-16T04:35:30Z,eth1,192.168.8.10,138.97.240.197,47219,CTI - Diadema,2.83,0.32,481.83,274.53,3TEL
2025-10-16T04:42:34Z,eth1,192.168.8.10,138.97.240.197,None,None,0.0,0.0,0.0,0.0,3TEL
2025-10-16T04:49:30Z,eth1,192.168.8.10,138.97.240.197,None,None,0.0,0.0,0.0,0.0,3TEL
2025-10-16T04:56:29Z,eth1,192.168.8.10,138.97.240.197,None,None,0.0,0.0,0.0,0.0,3TEL
2025-10-16T05:00:33Z,eth1,192.168.8.10,138.97.240.197,None,None,0.0,0.0,0.0,0.0,3TEL
2025-10-16T05:07:58Z,eth1,192.168.8.10,138.97.240.197,63107,Global Web Telecom - Diadema,2.83,0.08,690.47,303.47,3TEL
2025-10-16T05:14:28Z,eth1,192.168.8.10,138.97.240.197,27078,Mega Net Telecom Ltda - Diadema,3.01,0.57,691.76,303.84,3TEL
2025-10-16T05:21:29Z,eth1,192.168.8.10,138.97.240.197,None,None,0.0,0.0,0.0,0.0,3TEL
2025-10-16T05:28:29Z,eth1,192.168.8.10,138.97.240.197,62495,Velosch Telecom - Diadema,2.79,0.17,691.74,304.71,3TEL
2025-10-16T05:35:30Z,eth1,192.168.8.10,138.97.240.197,None,None,0.0,0.0,0.0,0.0,3TEL
2025-10-16T05:42:28Z,eth1,192.168.8.10,138.97.240.197,47219,CTI - Diadema,2.8,0.18,693.24,311.77,3TEL
2025-10-16T05:49:30Z,eth1,192.168.8.10,138.97.240.197,31133,FORÇA E AÇÃO TELECOM - Diadema,2.79,0.34,691.22,303.88,3TEL
2025-10-16T05:56:29Z,eth1,192.168.8.10,138.97.240.197,27078,Mega Net Telecom Ltda - Diadema,2.87,0.42,690.99,303.75,3TEL
2025-10-16T06:01:01Z,eth1,192.168.8.10,138.97.240.197,47219,CTI - Diadema,2.95,0.31,517.67,79.24,3TEL
2025-10-16T06:08:01Z,eth1,192.168.8.10,138.97.240.197,47219,CTI - Diadema,2.74,0.45,696.01,326.34,3TEL
2025-10-16T06:14:36Z,eth1,192.168.8.10,138.97.240.197,None,None,0.0,0.0,0.0,0.0,3TEL
2025-10-16T06:21:30Z,eth1,192.168.8.10,138.97.240.197,None,None,0.0,0.0,0.0,0.0,3TEL
2025-10-16T06:28:29Z,eth1,192.168.8.10,138.97.240.197,None,None,0.0,0.0,0.0,0.0,3TEL
2025-10-16T06:35:33Z,eth1,192.168.8.10,138.97.240.197,62495,Velosch Telecom - Diadema,2.81,0.14,491.2,283.01,3TEL
2025-10-16T06:42:30Z,eth1,192.168.8.10,138.97.240.197,47219,CTI - Diadema,2.84,0.29,693.18,305.85,3TEL
2025-10-16T06:49:29Z,eth1,192.168.8.10,138.97.240.197,None,None,0.0,0.0,0.0,0.0,3TEL
2025-10-16T06:56:31Z,eth1,192.168.8.10,138.97.240.197,None,None,0.0,0.0,0.0,0.0,3TEL
2025-10-16T07:00:31Z,eth1,192.168.8.10,138.97.240.197,None,None,0.0,0.0,0.0,0.0,3TEL
2025-10-16T07:07:58Z,eth1,192.168.8.10,138.97.240.197,31133,FORÇA E AÇÃO TELECOM - Diadema,2.78,0.59,692.22,304.06,3TEL
2025-10-16T07:14:30Z,eth1,192.168.8.10,138.97.240.197,None,None,0.0,0.0,0.0,0.0,3TEL
2025-10-16T07:21:28Z,eth1,192.168.8.10,138.97.240.197,31133,FORÇA E AÇÃO TELECOM - Diadema,2.72,0.22,691.49,303.32,3TEL
2025-10-16T07:28:29Z,eth1,192.168.8.10,138.97.240.197,None,None,0.0,0.0,0.0,0.0,3TEL
2025-10-16T07:36:01Z,eth1,192.168.8.10,138.97.240.197,44965,Interativa Internet Telecom - São Paulo,12.81,1.58,459.15,197.34,3TEL
2025-10-16T07:42:31Z,eth1,192.168.8.10,138.97.240.197,None,None,0.0,0.0,0.0,0.0,3TEL
2025-10-16T07:49:58Z,eth1,192.168.8.10,138.97.240.197,27078,Mega Net Telecom Ltda - Diadema,2.71,0.24,693.3,305.51,3TEL
2025-10-16T07:56:32Z,eth1,192.168.8.10,138.97.240.197,27078,Mega Net Telecom Ltda - Diadema,3.02,1.57,694.5,304.48,3TEL
2025-10-16T08:00:32Z,eth1,192.168.8.10,138.97.240.197,27078,Mega Net Telecom Ltda - Diadema,6.82,0.3,483.91,150.16,3TEL
2025-10-16T08:07:29Z,eth1,192.168.8.10,138.97.240.197,47219,CTI - Diadema,2.8,0.13,693.69,305.2,3TEL
2025-10-16T08:15:04Z,eth1,192.168.8.10,138.97.240.197,47219,CTI - Diadema,2.78,1.85,694.89,329.88,3TEL
2025-10-16T08:21:29Z,eth1,192.168.8.10,138.97.240.197,None,None,0.0,0.0,0.0,0.0,3TEL
2025-10-16T08:28:29Z,eth1,192.168.8.10,138.97.240.197,None,None,0.0,0.0,0.0,0.0,3TEL
2025-10-16T08:35:59Z,eth1,192.168.8.10,138.97.240.197,47219,CTI - Diadema,3.81,0.33,332.02,172.12,3TEL
2025-10-16T08:42:31Z,eth1,192.168.8.10,138.97.240.197,None,None,0.0,0.0,0.0,0.0,3TEL
2025-10-16T08:49:32Z,eth1,192.168.8.10,138.97.240.197,None,None,0.0,0.0,0.0,0.0,3TEL
2025-10-16T08:56:30Z,eth1,192.168.8.10,138.97.240.197,None,None,0.0,0.0,0.0,0.0,3TEL
2025-10-16T09:00:30Z,eth1,192.168.8.10,138.97.240.197,None,None,0.0,0.0,0.0,0.0,3TEL
2025-10-16T09:07:28Z,eth1,192.168.8.10,138.97.240.197,31133,FORÇA E AÇÃO TELECOM - Diadema,2.79,0.27,691.07,303.81,3TEL
2025-10-16T09:14:58Z,eth1,192.168.8.10,138.97.240.197,47219,CTI - Diadema,2.76,0.1,692.77,305.53,3TEL
2025-10-16T09:21:29Z,eth1,192.168.8.10,138.97.240.197,47219,CTI - Diadema,2.75,0.19,692.62,314.68,3TEL
2025-10-16T09:28:58Z,eth1,192.168.8.10,138.97.240.197,47219,CTI - Diadema,2.74,0.3,691.63,303.39,3TEL
2025-10-16T09:35:30Z,eth1,192.168.8.10,138.97.240.197,31133,FORÇA E AÇÃO TELECOM - Diadema,7.56,0.93,345.63,259.85,3TEL
2025-10-16T09:42:30Z,eth1,192.168.8.10,138.97.240.197,None,None,0.0,0.0,0.0,0.0,3TEL
2025-10-16T09:49:32Z,eth1,192.168.8.10,138.97.240.197,None,None,0.0,0.0,0.0,0.0,3TEL
2025-10-16T10:00:44Z,eth1,192.168.8.10,138.97.240.197,27078,Mega Net Telecom Ltda - Diadema,5.89,0.85,456.68,253.57,3TEL
2025-10-16T10:07:29Z,eth1,192.168.8.10,138.97.240.197,None,None,0.0,0.0,0.0,0.0,3TEL
2025-10-16T10:14:58Z,eth1,192.168.8.10,138.97.240.197,47219,CTI - Diadema,2.3,0.12,693.06,314.78,3TEL
2025-10-16T10:21:57Z,eth1,192.168.8.10,138.97.240.197,47219,CTI - Diadema,2.36,0.08,696.12,317.68,3TEL
2025-10-16T10:28:29Z,eth1,192.168.8.10,138.97.240.197,None,None,0.0,0.0,0.0,0.0,3TEL
2025-10-16T10:36:02Z,eth1,192.168.8.10,138.97.240.197,27078,Mega Net Telecom Ltda - Diadema,2.39,0.12,601.46,303.07,3TEL
2025-10-16T10:39:25Z,eth1,192.168.8.10,138.97.240.197,None,None,0.0,0.0,0.0,0.0,3TEL
2025-10-16T10:40:53Z,eth1,192.168.8.10,138.97.240.197,None,None,0.0,0.0,0.0,0.0,3TEL
2025-10-16T10:41:00Z,eth1,192.168.8.10,138.97.240.197,47219,CTI - Diadema,3.52,1.08,699.19,338.55,3TEL
2025-10-16T10:45:29Z,eth1,192.168.8.10,138.97.240.197,None,None,0.0,0.0,0.0,0.0,3TEL
2025-10-16T10:46:49Z,eth1,192.168.8.10,138.97.240.197,47219,CTI - Diadema,2.37,0.22,731.42,306.23,3TEL
2025-10-16T10:50:13Z,eth1,192.168.8.10,138.97.240.197,None,None,0.0,0.0,0.0,0.0,3TEL
2025-10-16T10:50:59Z,eth1,192.168.8.10,138.97.240.197,27078,Mega Net Telecom Ltda - Diadema,2.85,0.91,692.73,303.52,3TEL
2025-10-16T10:53:17Z,eth1,192.168.8.10,138.97.240.197,47219,CTI - Diadema,2.33,0.1,695.56,325.91,3TEL
2025-10-16T10:53:59Z,eth1,192.168.8.10,138.97.240.197,None,None,0.0,0.0,0.0,0.0,3TEL
2025-10-16T10:55:33Z,eth1,192.168.8.10,138.97.240.197,31133,FORÇA E AÇÃO TELECOM - Diadema,3.23,0.29,474.01,256.91,3TEL
2025-10-16T10:55:56Z,eth1,192.168.8.10,138.97.240.197,47219,CTI - Diadema,2.33,0.17,582.03,266.26,3TEL
2025-10-16T11:06:02Z,eth1,192.168.8.10,138.97.240.197,27078,Mega Net Telecom Ltda - Diadema,2.35,0.02,690.97,305.64,3TEL
2025-10-16T11:10:30Z,eth1,192.168.8.10,138.97.240.197,None,None,0.0,0.0,0.0,0.0,3TEL
2025-10-16T11:15:29Z,eth1,192.168.8.10,138.97.240.197,None,None,0.0,0.0,0.0,0.0,3TEL
2025-10-16T11:20:09Z,eth1,192.168.8.10,138.97.240.197,47219,CTI - Diadema,2.44,1.12,693.85,310.36,3TEL
2025-10-16T11:20:30Z,eth1,192.168.8.10,138.97.240.197,None,None,0.0,0.0,0.0,0.0,3TEL
2025-10-16T11:21:32Z,eth1,192.168.8.10,138.97.240.197,None,None,0.0,0.0,0.0,0.0,3TEL
2025-10-16T11:22:17Z,eth1,192.168.8.10,138.97.240.197,47219,CTI - Diadema,2.34,0.19,696.34,330.65,3TEL
2025-10-16T11:26:01Z,eth1,192.168.8.10,138.97.240.197,47219,CTI - Diadema,3.11,0.36,696.09,336.94,3TEL
2025-10-16T11:27:37Z,eth1,192.168.8.10,138.97.240.197,None,None,0.0,0.0,0.0,0.0,3TEL
2025-10-16T11:30:30Z,eth1,192.168.8.10,138.97.240.197,47219,CTI - Diadema,4.29,0.43,401.96,202.39,3TEL
2025-10-16T11:35:58Z,eth1,192.168.8.10,138.97.240.197,27078,Mega Net Telecom Ltda - Diadema,2.75,0.67,690.83,303.39,3TEL
2025-10-16T11:40:30Z,eth1,192.168.8.10,138.97.240.197,47219,CTI - Diadema,2.8,0.85,695.93,356.88,3TEL
2025-10-16T11:45:29Z,eth1,192.168.8.10,138.97.240.197,None,None,0.0,0.0,0.0,0.0,3TEL
2025-10-16T11:49:35Z,eth1,192.168.8.10,138.97.240.197,27078,Mega Net Telecom Ltda - Diadema,2.36,0.28,692.8,303.35,3TEL
2025-10-16T11:50:59Z,eth1,192.168.8.10,138.97.240.197,63107,Global Web Telecom - Diadema,2.77,0.39,700.04,304.09,3TEL
2025-10-16T11:52:24Z,eth1,192.168.8.10,138.97.240.197,47219,CTI - Diadema,2.35,0.09,694.06,321.5,3TEL
2025-10-16T11:54:47Z,eth1,192.168.8.10,138.97.240.197,47219,CTI - Diadema,2.37,0.13,692.77,339.78,3TEL
2025-10-16T11:55:33Z,eth1,192.168.8.10,138.97.240.197,31133,FORÇA E AÇÃO TELECOM - Diadema,2.5,0.07,631.69,259.38,3TEL
2025-10-16T11:56:10Z,eth1,192.168.8.10,138.97.240.197,47219,CTI - Diadema,3.1,0.98,485.63,244.33,3TEL
2025-10-16T12:00:36Z,eth1,192.168.8.10,138.97.240.197,63107,Global Web Telecom - Diadema,13.43,1.29,484.07,191.38,3TEL
2025-10-16T12:03:08Z,eth1,192.168.8.10,138.97.240.197,47219,CTI - Diadema,2.46,0.82,699.61,304.4,3TEL
2025-10-16T12:05:29Z,eth1,192.168.8.10,138.97.240.197,None,None,0.0,0.0,0.0,0.0,3TEL
2025-10-16T12:10:58Z,eth1,192.168.8.10,138.97.240.197,31133,FORÇA E AÇÃO TELECOM - Diadema,2.4,0.41,693.0,303.73,3TEL
2025-10-16T12:15:29Z,eth1,192.168.8.10,138.97.240.197,None,None,0.0,0.0,0.0,0.0,3TEL
2025-10-16T12:20:30Z,eth1,192.168.8.10,138.97.240.197,47219,CTI - Diadema,2.8,1.37,700.72,328.08,3TEL
2025-10-16T12:25:29Z,eth1,192.168.8.10,138.97.240.197,None,None,0.0,0.0,0.0,0.0,3TEL
2025-10-16T12:30:31Z,eth1,192.168.8.10,138.97.240.197,None,None,0.0,0.0,0.0,0.0,3TEL
2025-10-16T12:35:29Z,eth1,192.168.8.10,138.97.240.197,None,None,0.0,0.0,0.0,0.0,3TEL
2025-10-16T12:40:27Z,eth1,192.168.8.10,138.97.240.197,47219,CTI - Diadema,2.33,0.02,684.88,366.55,3TEL
2025-10-16T12:45:29Z,eth1,192.168.8.10,138.97.240.197,None,None,0.0,0.0,0.0,0.0,3TEL
2025-10-16T12:50:29Z,eth1,192.168.8.10,138.97.240.197,None,None,0.0,0.0,0.0,0.0,3TEL
2025-10-16T12:55:58Z,eth1,192.168.8.10,138.97.240.197,63107,Global Web Telecom - Diadema,3.53,0.11,691.27,303.4,3TEL
2025-10-16T13:00:30Z,eth1,192.168.8.10,138.97.240.197,None,None,0.0,0.0,0.0,0.0,3TEL
2025-10-16T13:05:29Z,eth1,192.168.8.10,138.97.240.197,None,None,0.0,0.0,0.0,0.0,3TEL
2025-10-16T13:10:58Z,eth1,192.168.8.10,138.97.240.197,27078,Mega Net Telecom Ltda - Diadema,3.14,1.03,692.83,304.09,3TEL
2025-10-16T13:15:30Z,eth1,192.168.8.10,138.97.240.197,None,None,0.0,0.0,0.0,0.0,3TEL
2025-10-16T13:20:30Z,eth1,192.168.8.10,138.97.240.197,47219,CTI - Diadema,2.34,0.4,700.09,331.5,3TEL
2025-10-16T13:25:29Z,eth1,192.168.8.10,138.97.240.197,47219,CTI - Diadema,2.32,0.13,692.05,305.21,3TEL
2025-10-16T13:30:34Z,eth1,192.168.8.10,138.97.240.197,63107,Global Web Telecom - Diadema,6.16,1.49,544.91,235.03,3TEL
2025-10-16T13:32:15Z,eth1,192.168.8.10,138.97.240.197,47219,CTI - Diadema,2.34,0.06,697.59,323.34,3TEL
2025-10-16T13:33:33Z,eth1,192.168.8.10,138.97.240.197,31133,FORÇA E AÇÃO TELECOM - Diadema,3.54,0.52,693.26,303.03,3TEL
2025-10-16T13:34:53Z,eth1,192.168.8.10,138.97.240.197,None,None,0.0,0.0,0.0,0.0,3TEL
2025-10-16T13:35:41Z,eth1,192.168.8.10,138.97.240.197,27078,Mega Net Telecom Ltda - Diadema,3.81,0.47,650.29,302.28,3TEL
2025-10-16T13:36:02Z,eth1,192.168.8.10,138.97.240.197,31133,FORÇA E AÇÃO TELECOM - Diadema,2.97,0.57,681.54,349.61,3TEL
2025-10-16T13:40:34Z,eth1,192.168.8.10,138.97.240.197,47219,CTI - Diadema,4.42,1.95,703.92,347.03,3TEL
2025-10-16T13:45:30Z,eth1,192.168.8.10,138.97.240.197,31133,FORÇA E AÇÃO TELECOM - Diadema,2.48,0.8,692.26,303.67,3TEL
2025-10-16T13:50:59Z,eth1,192.168.8.10,138.97.240.197,47219,CTI - Diadema,2.26,0.35,693.23,309.26,3TEL
2025-10-16T13:55:29Z,eth1,192.168.8.10,138.97.240.197,27078,Mega Net Telecom Ltda - Diadema,2.48,0.1,692.98,303.56,3TEL
2025-10-16T14:00:30Z,eth1,192.168.8.10,138.97.240.197,None,None,0.0,0.0,0.0,0.0,3TEL
2025-10-16T14:05:30Z,eth1,192.168.8.10,138.97.240.197,None,None,0.0,0.0,0.0,0.0,3TEL
2025-10-16T14:11:56Z,eth1,192.168.8.10,138.97.240.197,31133,FORÇA E AÇÃO TELECOM - Diadema,2.48,0.13,693.09,303.52,3TEL
2025-10-16T14:18:22Z,eth1,192.168.8.10,138.97.240.197,47219,CTI - Diadema,2.73,0.24,692.38,345.14,3TEL
2025-10-16T14:19:25Z,eth1,192.168.8.10,138.97.240.197,47219,CTI - Diadema,13.07,116.04,699.81,334.44,3TEL
2025-10-16T14:20:28Z,eth1,192.168.8.10,138.97.240.197,31133,FORÇA E AÇÃO TELECOM - Diadema,2.68,0.17,691.67,303.38,3TEL
2025-10-16T14:20:31Z,eth1,192.168.8.10,138.97.240.197,47219,CTI - Diadema,2.7,0.11,696.02,337.74,3TEL
2025-10-16T14:21:31Z,eth1,192.168.8.10,138.97.240.197,27078,Mega Net Telecom Ltda - Diadema,2.69,0.29,691.46,304.12,3TEL
2025-10-16T14:26:02Z,eth1,192.168.8.10,138.97.240.197,47219,CTI - Diadema,2.65,0.3,705.24,326.31,3TEL
2025-10-16T14:30:36Z,eth1,192.168.8.10,138.97.240.197,47219,CTI - Diadema,7.2,0.93,462.31,83.91,3TEL
2025-10-16T14:50:59Z,eth1,192.168.8.10,138.97.240.197,27078,Mega Net Telecom Ltda - Diadema,2.73,0.05,693.46,303.81,3TEL
2025-10-16T14:55:58Z,eth1,192.168.8.10,138.97.240.197,47219,CTI - Diadema,2.66,0.18,698.79,315.79,3TEL
2025-10-16T15:05:59Z,eth1,192.168.8.10,138.97.240.197,27078,Mega Net Telecom Ltda - Diadema,2.69,0.19,690.81,303.47,3TEL
2025-10-16T15:10:57Z,eth1,192.168.8.10,138.97.240.197,47219,CTI - Diadema,2.69,0.32,692.69,309.65,3TEL
2025-10-16T15:16:02Z,eth1,192.168.8.10,138.97.240.197,47219,CTI - Diadema,2.62,0.29,689.62,303.41,3TEL
2025-10-16T15:21:00Z,eth1,192.168.8.10,138.97.240.197,47219,CTI - Diadema,2.73,0.13,692.03,350.12,3TEL
2025-10-16T15:26:01Z,eth1,192.168.8.10,138.97.240.197,47219,CTI - Diadema,3.1,2.12,693.54,347.06,3TEL
2025-10-16T15:30:36Z,eth1,192.168.8.10,138.97.240.197,47219,CTI - Diadema,2.73,0.39,590.32,198.01,3TEL
2025-10-16T15:35:58Z,eth1,192.168.8.10,138.97.240.197,31133,FORÇA E AÇÃO TELECOM - Diadema,2.73,0.2,693.03,303.78,3TEL
2025-10-16T15:45:52Z,eth1,192.168.8.10,138.97.240.197,31133,FORÇA E AÇÃO TELECOM - Diadema,2.68,0.15,831.54,304.65,3TEL
2025-10-16T15:50:29Z,eth1,192.168.8.10,138.97.240.197,31133,FORÇA E AÇÃO TELECOM - Diadema,2.8,0.66,690.51,303.38,3TEL
2025-10-16T16:00:33Z,eth1,192.168.8.10,138.97.240.197,27078,Mega Net Telecom Ltda - Diadema,3.01,1.39,599.22,193.26,3TEL
2025-10-16T16:05:29Z,eth1,192.168.8.10,138.97.240.197,31133,FORÇA E AÇÃO TELECOM - Diadema,2.76,0.59,690.53,303.39,3TEL
2025-10-16T16:11:01Z,eth1,192.168.8.10,138.97.240.197,47219,CTI - Diadema,2.96,0.53,698.39,346.46,3TEL
2025-10-16T16:15:30Z,eth1,192.168.8.10,138.97.240.197,31133,FORÇA E AÇÃO TELECOM - Diadema,2.74,0.14,692.11,306.22,3TEL
2025-10-16T16:26:00Z,eth1,192.168.8.10,138.97.240.197,47219,CTI - Diadema,2.63,0.37,699.5,306.64,3TEL
2025-10-16T16:45:30Z,eth1,192.168.8.10,138.97.240.197,47219,CTI - Diadema,2.71,0.15,693.72,344.55,3TEL
2025-10-16T16:50:59Z,eth1,192.168.8.10,138.97.240.197,31133,FORÇA E AÇÃO TELECOM - Diadema,2.67,0.17,690.28,303.73,3TEL
2025-10-16T17:01:04Z,eth1,192.168.8.10,138.97.240.197,47219,CTI - Diadema,3.15,0.42,391.46,49.35,3TEL
2025-10-16T17:05:59Z,eth1,192.168.8.10,138.97.240.197,47219,CTI - Diadema,2.65,0.62,691.14,303.59,3TEL
2025-10-16T17:10:28Z,eth1,192.168.8.10,138.97.240.197,47219,CTI - Diadema,2.51,0.39,695.79,319.32,3TEL
2025-10-16T17:15:51Z,eth1,192.168.8.10,138.97.240.197,47219,CTI - Diadema,2.64,0.11,859.23,341.86,3TEL
2025-10-16T17:31:03Z,eth1,192.168.8.10,138.97.240.197,27078,Mega Net Telecom Ltda - Diadema,2.72,0.2,603.12,289.61,3TEL
2025-10-16T17:56:00Z,eth1,192.168.8.10,138.97.240.197,47219,CTI - Diadema,2.93,0.52,697.9,362.81,3TEL
2025-10-16T18:06:00Z,eth1,192.168.8.10,138.97.240.197,63107,Global Web Telecom - Diadema,2.79,0.17,714.08,303.59,3TEL
2025-10-16T18:10:58Z,eth1,192.168.8.10,138.97.240.197,27078,Mega Net Telecom Ltda - Diadema,2.77,0.22,692.19,303.69,3TEL
2025-10-16T18:15:59Z,eth1,192.168.8.10,138.97.240.197,47219,CTI - Diadema,2.75,0.33,697.68,331.28,3TEL
2025-10-16T18:20:52Z,eth1,192.168.8.10,138.97.240.197,27078,Mega Net Telecom Ltda - Diadema,2.82,0.09,732.89,304.08,3TEL
2025-10-16T18:35:58Z,eth1,192.168.8.10,138.97.240.197,31133,FORÇA E AÇÃO TELECOM - Diadema,2.78,0.6,694.23,303.71,3TEL
2025-10-16T18:40:30Z,eth1,192.168.8.10,138.97.240.197,31133,FORÇA E AÇÃO TELECOM - Diadema,3.25,1.82,685.19,303.39,3TEL
2025-10-16T18:45:58Z,eth1,192.168.8.10,138.97.240.197,21107,CLICK & NAVEGUE - Diadema,2.81,0.19,688.04,304.03,3TEL
2025-10-16T18:50:59Z,eth1,192.168.8.10,138.97.240.197,27078,Mega Net Telecom Ltda - Diadema,2.8,0.09,696.37,303.44,3TEL
2025-10-16T19:01:00Z,eth1,192.168.8.10,138.97.240.197,47219,CTI - Diadema,5.42,2.05,285.28,38.55,3TEL
2025-10-16T19:05:39Z,eth1,192.168.8.10,138.97.240.197,62495,Velosch Telecom - Diadema,3.07,0.43,714.54,318.71,3TEL
2025-10-16T19:16:09Z,eth1,192.168.8.10,138.97.240.197,47219,CTI - Diadema,3.61,105.8,706.6,341.3,3TEL
2025-10-16T19:20:59Z,eth1,192.168.8.10,138.97.240.197,47219,CTI - Diadema,3.07,0.52,803.22,321.51,3TEL
2025-10-16T19:30:33Z,eth1,192.168.8.10,138.97.240.197,47219,CTI - Diadema,2.98,0.43,492.0,193.59,3TEL
2025-10-16T19:35:32Z,eth1,192.168.8.10,138.97.240.197,27078,Mega Net Telecom Ltda - Diadema,2.78,0.14,693.11,304.06,3TEL
2025-10-16T19:46:01Z,eth1,192.168.8.10,138.97.240.197,27078,Mega Net Telecom Ltda - Diadema,2.76,0.17,696.23,303.17,3TEL
2025-10-16T20:01:08Z,eth1,192.168.8.10,138.97.240.197,31133,FORÇA E AÇÃO TELECOM - Diadema,4.39,0.4,345.52,298.53,3TEL
2025-10-16T20:05:32Z,eth1,192.168.8.10,138.97.240.197,31133,FORÇA E AÇÃO TELECOM - Diadema,2.85,0.23,691.31,303.59,3TEL
2025-10-16T20:15:31Z,eth1,192.168.8.10,138.97.240.197,27078,Mega Net Telecom Ltda - Diadema,2.74,0.2,690.76,308.64,3TEL
2025-10-16T20:20:40Z,eth1,192.168.8.10,138.97.240.197,47219,CTI - Diadema,4.61,4.42,706.5,350.22,3TEL
2025-10-16T20:25:34Z,eth1,192.168.8.10,138.97.240.197,27078,Mega Net Telecom Ltda - Diadema,3.02,0.42,689.35,304.94,3TEL
2025-10-16T20:35:32Z,eth1,192.168.8.10,138.97.240.197,62495,Velosch Telecom - Diadema,4.36,1.75,716.58,304.2,3TEL
2025-10-16T20:45:35Z,eth1,192.168.8.10,138.97.240.197,31133,FORÇA E AÇÃO TELECOM - Diadema,2.93,0.65,687.18,335.31,3TEL
2025-10-16T21:05:32Z,eth1,192.168.8.10,138.97.240.197,27078,Mega Net Telecom Ltda - Diadema,3.04,0.46,689.83,303.21,3TEL
2025-10-16T21:26:01Z,eth1,192.168.8.10,138.97.240.197,27078,Mega Net Telecom Ltda - Diadema,2.78,0.19,690.43,303.27,3TEL
2025-10-16T21:46:03Z,eth1,192.168.8.10,138.97.240.197,47219,CTI - Diadema,2.78,0.19,691.22,310.94,3TEL
2025-10-16T22:06:04Z,eth1,192.168.8.10,138.97.240.197,31133,FORÇA E AÇÃO TELECOM - Diadema,2.91,0.25,691.34,303.38,3TEL
2025-10-16T22:30:33Z,eth1,192.168.8.10,138.97.240.197,27078,Mega Net Telecom Ltda - Diadema,3.72,0.57,697.76,302.07,3TEL
2025-10-16T22:36:01Z,eth1,192.168.8.10,138.97.240.197,27078,Mega Net Telecom Ltda - Diadema,2.82,0.18,690.09,302.27,3TEL
2025-10-16T22:46:01Z,eth1,192.168.8.10,138.97.240.197,27078,Mega Net Telecom Ltda - Diadema,2.95,0.82,686.0,303.25,3TEL
2025-10-16T22:50:57Z,eth1,192.168.8.10,138.97.240.197,47219,CTI - Diadema,2.79,0.95,689.1,307.25,3TEL
2025-10-16T22:55:26Z,eth1,192.168.8.10,138.97.240.197,47219,CTI - Diadema,2.97,1.04,688.69,316.39,3TEL
2025-10-16T23:05:58Z,eth1,192.168.8.10,138.97.240.197,21107,CLICK & NAVEGUE - Diadema,2.81,0.15,697.82,304.06,3TEL
2025-10-16T23:10:58Z,eth1,192.168.8.10,138.97.240.197,31133,FORÇA E AÇÃO TELECOM - Diadema,2.83,0.16,686.81,303.17,3TEL
2025-10-16T23:15:59Z,eth1,192.168.8.10,138.97.240.197,47219,CTI - Diadema,3.2,1.46,693.37,331.91,3TEL
2025-10-16T23:31:00Z,eth1,192.168.8.10,138.97.240.197,27078,Mega Net Telecom Ltda - Diadema,3.65,0.85,370.92,301.31,3TEL
2025-10-17T00:15:22Z,eth1,192.168.8.10,138.97.240.197,62495,Velosch Telecom - Diadema,2.85,0.23,854.51,302.3,3TEL
2025-10-17T00:30:34Z,eth1,192.168.8.10,138.97.240.197,47219,CTI - Diadema,2.45,0.42,369.12,141.34,3TEL
2025-10-17T00:35:32Z,eth1,192.168.8.10,138.97.240.197,47219,CTI - Diadema,2.52,0.73,709.17,349.26,3TEL
2025-10-17T00:55:59Z,eth1,192.168.8.10,138.97.240.197,62495,Velosch Telecom - Diadema,4.02,0.53,691.76,304.61,3TEL
2025-10-17T01:00:58Z,eth1,192.168.8.10,138.97.240.197,27078,Mega Net Telecom Ltda - Diadema,2.85,1.0,471.45,156.39,3TEL
2025-10-17T01:10:58Z,eth1,192.168.8.10,138.97.240.197,31133,FORÇA E AÇÃO TELECOM - Diadema,2.8,0.23,690.06,300.63,3TEL
2025-10-17T01:15:59Z,eth1,192.168.8.10,138.97.240.197,47219,CTI - Diadema,3.76,0.53,695.66,338.79,3TEL
2025-10-17T01:26:01Z,eth1,192.168.8.10,138.97.240.197,21107,CLICK & NAVEGUE - Diadema,3.57,1.05,702.26,303.2,3TEL
2025-10-17T01:30:29Z,eth1,192.168.8.10,138.97.240.197,27078,Mega Net Telecom Ltda - Diadema,2.77,0.12,637.36,262.08,3TEL
2025-10-17T01:36:00Z,eth1,192.168.8.10,138.97.240.197,47219,CTI - Diadema,3.12,0.35,689.58,349.61,3TEL
2025-10-17T01:45:29Z,eth1,192.168.8.10,138.97.240.197,31133,FORÇA E AÇÃO TELECOM - Diadema,2.89,0.43,687.42,303.41,3TEL
2025-10-17T01:55:22Z,eth1,192.168.8.10,138.97.240.197,31133,FORÇA E AÇÃO TELECOM - Diadema,2.84,0.19,857.26,302.27,3TEL
2025-10-17T02:40:53Z,eth1,192.168.8.10,138.97.240.197,27078,Mega Net Telecom Ltda - Diadema,2.77,0.19,735.7,303.42,3TEL
2025-10-17T02:50:29Z,eth1,192.168.8.10,138.97.240.197,31133,FORÇA E AÇÃO TELECOM - Diadema,2.86,0.15,684.78,303.51,3TEL
2025-10-17T02:56:02Z,eth1,192.168.8.10,138.97.240.197,27078,Mega Net Telecom Ltda - Diadema,2.95,0.14,684.58,303.22,3TEL
2025-10-17T03:01:01Z,eth1,192.168.8.10,138.97.240.197,31133,FORÇA E AÇÃO TELECOM - Diadema,2.77,0.17,322.62,199.58,3TEL
2025-10-17T03:10:58Z,eth1,192.168.8.10,138.97.240.197,31133,FORÇA E AÇÃO TELECOM - Diadema,2.91,0.37,690.09,303.7,3TEL
2025-10-17T03:15:21Z,eth1,192.168.8.10,138.97.240.197,31133,FORÇA E AÇÃO TELECOM - Diadema,2.75,0.19,843.39,303.26,3TEL
2025-10-17T03:35:28Z,eth1,192.168.8.10,138.97.240.197,47219,CTI - Diadema,2.73,0.43,679.93,320.97,3TEL
2025-10-17T03:55:30Z,eth1,192.168.8.10,138.97.240.197,47219,CTI - Diadema,3.3,1.55,696.07,356.02,3TEL
2025-10-17T04:01:01Z,eth1,192.168.8.10,138.97.240.197,31133,FORÇA E AÇÃO TELECOM - Diadema,4.39,0.75,477.59,151.48,3TEL
2025-10-17T04:06:01Z,eth1,192.168.8.10,138.97.240.197,31133,FORÇA E AÇÃO TELECOM - Diadema,2.75,0.25,690.79,303.88,3TEL
2025-10-17T04:20:30Z,eth1,192.168.8.10,138.97.240.197,31133,FORÇA E AÇÃO TELECOM - Diadema,2.73,0.21,686.5,302.59,3TEL
2025-10-17T04:41:02Z,eth1,192.168.8.10,138.97.240.197,47219,CTI - Diadema,3.59,0.93,692.24,282.83,3TEL
2025-10-17T04:55:59Z,eth1,192.168.8.10,138.97.240.197,47219,CTI - Diadema,4.51,1.06,690.45,341.95,3TEL
2025-10-17T05:15:58Z,eth1,192.168.8.10,138.97.240.197,63107,Global Web Telecom - Diadema,2.74,0.42,687.27,322.52,3TEL
2025-10-17T05:20:58Z,eth1,192.168.8.10,138.97.240.197,31133,FORÇA E AÇÃO TELECOM - Diadema,2.84,0.1,688.49,302.4,3TEL
2025-10-17T05:25:29Z,eth1,192.168.8.10,138.97.240.197,47219,CTI - Diadema,2.74,0.27,688.67,340.1,3TEL
2025-10-17T05:31:01Z,eth1,192.168.8.10,138.97.240.197,63107,Global Web Telecom - Diadema,2.78,0.17,520.68,216.31,3TEL
2025-10-17T05:35:29Z,eth1,192.168.8.10,138.97.240.197,63107,Global Web Telecom - Diadema,2.98,0.6,690.14,303.95,3TEL
2025-10-17T05:45:59Z,eth1,192.168.8.10,138.97.240.197,63107,Global Web Telecom - Diadema,3.25,0.58,689.49,303.82,3TEL
2025-10-17T05:50:29Z,eth1,192.168.8.10,138.97.240.197,21107,CLICK & NAVEGUE - Diadema,2.81,0.1,692.64,303.94,3TEL
2025-10-17T06:00:31Z,eth1,192.168.8.10,138.97.240.197,27078,Mega Net Telecom Ltda - Diadema,2.83,0.36,458.79,245.45,3TEL
2025-10-17T06:30:59Z,eth1,192.168.8.10,138.97.240.197,31133,FORÇA E AÇÃO TELECOM - Diadema,3.42,0.51,442.51,283.6,3TEL
2025-10-17T06:40:22Z,eth1,192.168.8.10,138.97.240.197,47219,CTI - Diadema,2.75,0.62,788.65,322.89,3TEL
2025-10-17T06:45:58Z,eth1,192.168.8.10,138.97.240.197,47219,CTI - Diadema,2.76,0.05,692.72,303.95,3TEL
2025-10-17T06:55:59Z,eth1,192.168.8.10,138.97.240.197,47219,CTI - Diadema,2.86,0.28,697.17,304.69,3TEL
2025-10-17T07:05:32Z,eth1,192.168.8.10,138.97.240.197,31133,FORÇA E AÇÃO TELECOM - Diadema,2.82,0.36,692.11,303.81,3TEL
2025-10-17T07:15:30Z,eth1,192.168.8.10,138.97.240.197,31133,FORÇA E AÇÃO TELECOM - Diadema,2.75,0.27,694.29,303.6,3TEL
2025-10-17T07:20:28Z,eth1,192.168.8.10,138.97.240.197,31133,FORÇA E AÇÃO TELECOM - Diadema,2.79,0.23,694.06,303.6,3TEL
2025-10-17T07:40:29Z,eth1,192.168.8.10,138.97.240.197,47219,CTI - Diadema,2.8,0.31,692.81,317.19,3TEL
2025-10-17T07:55:51Z,eth1,192.168.8.10,138.97.240.197,47219,CTI - Diadema,2.87,0.59,833.81,307.96,3TEL
2025-10-17T08:00:32Z,eth1,192.168.8.10,138.97.240.197,27078,Mega Net Telecom Ltda - Diadema,12.4,0.79,561.81,236.26,3TEL
2025-10-17T08:10:29Z,eth1,192.168.8.10,138.97.240.197,31133,FORÇA E AÇÃO TELECOM - Diadema,2.87,0.11,689.81,303.23,3TEL
2025-10-17T08:40:30Z,eth1,192.168.8.10,138.97.240.197,47219,CTI - Diadema,2.85,0.11,691.62,332.04,3TEL
2025-10-17T08:50:21Z,eth1,192.168.8.10,138.97.240.197,62495,Velosch Telecom - Diadema,2.77,0.17,863.25,304.74,3TEL
2025-10-17T08:55:28Z,eth1,192.168.8.10,138.97.240.197,27078,Mega Net Telecom Ltda - Diadema,2.82,0.23,691.94,303.49,3TEL
2025-10-17T09:00:33Z,eth1,192.168.8.10,138.97.240.197,47219,CTI - Diadema,4.18,0.31,155.74,42.48,3TEL
2025-10-17T09:10:58Z,eth1,192.168.8.10,138.97.240.197,27078,Mega Net Telecom Ltda - Diadema,2.77,0.26,690.73,303.76,3TEL
2025-10-17T09:25:30Z,eth1,192.168.8.10,138.97.240.197,47219,CTI - Diadema,2.75,0.41,695.22,336.58,3TEL
2025-10-17T09:31:00Z,eth1,192.168.8.10,138.97.240.197,47219,CTI - Diadema,2.8,0.51,372.31,97.66,3TEL
2025-10-17T09:35:59Z,eth1,192.168.8.10,138.97.240.197,47219,CTI - Diadema,3.21,0.2,690.95,328.01,3TEL
2025-10-17T09:40:58Z,eth1,192.168.8.10,138.97.240.197,31133,FORÇA E AÇÃO TELECOM - Diadema,2.82,0.25,690.35,303.96,3TEL
2025-10-17T09:45:59Z,eth1,192.168.8.10,138.97.240.197,27078,Mega Net Telecom Ltda - Diadema,2.76,0.16,698.28,303.6,3TEL
2025-10-17T09:55:26Z,eth1,192.168.8.10,138.97.240.197,31133,FORÇA E AÇÃO TELECOM - Diadema,3.07,0.58,743.73,303.65,3TEL
2025-10-17T10:00:31Z,eth1,192.168.8.10,138.97.240.197,31133,FORÇA E AÇÃO TELECOM - Diadema,2.87,0.14,507.56,288.14,3TEL
2025-10-17T10:05:27Z,eth1,192.168.8.10,138.97.240.197,47219,CTI - Diadema,2.79,0.24,694.98,342.26,3TEL
2025-10-17T10:35:58Z,eth1,192.168.8.10,138.97.240.197,47219,CTI - Diadema,2.78,0.11,693.26,326.33,3TEL
2025-10-17T10:40:29Z,eth1,192.168.8.10,138.97.240.197,47219,CTI - Diadema,2.95,0.11,692.44,305.22,3TEL
2025-10-17T11:05:30Z,eth1,192.168.8.10,138.97.240.197,47219,CTI - Diadema,8.42,4.64,692.88,324.31,3TEL
2025-10-17T11:10:28Z,eth1,192.168.8.10,138.97.240.197,27078,Mega Net Telecom Ltda - Diadema,2.73,0.41,688.1,318.97,3TEL
2025-10-17T11:20:31Z,eth1,192.168.8.10,138.97.240.197,63107,Global Web Telecom - Diadema,2.78,0.33,716.95,305.6,3TEL
2025-10-17T11:40:59Z,eth1,192.168.8.10,138.97.240.197,27078,Mega Net Telecom Ltda - Diadema,2.74,0.15,686.93,300.9,3TEL
2025-10-17T11:45:28Z,eth1,192.168.8.10,138.97.240.197,47219,CTI - Diadema,2.97,1.67,694.63,324.75,3TEL
2025-10-17T11:50:57Z,eth1,192.168.8.10,138.97.240.197,47219,CTI - Diadema,3.32,0.95,670.85,341.92,3TEL
2025-10-17T12:00:31Z,eth1,192.168.8.10,138.97.240.197,27078,Mega Net Telecom Ltda - Diadema,8.22,0.91,425.9,193.1,3TEL
2025-10-17T12:16:02Z,eth1,192.168.8.10,138.97.240.197,31133,FORÇA E AÇÃO TELECOM - Diadema,2.76,0.2,689.65,305.24,3TEL
2025-10-17T12:30:30Z,eth1,192.168.8.10,138.97.240.197,47219,CTI - Diadema,2.96,0.67,240.41,155.09,3TEL
2025-10-17T12:40:30Z,eth1,192.168.8.10,138.97.240.197,47219,CTI - Diadema,2.97,0.99,692.91,369.96,3TEL
2025-10-17T12:51:00Z,eth1,192.168.8.10,138.97.240.197,47219,CTI - Diadema,2.75,1.08,692.4,348.08,3TEL
2025-10-17T12:55:30Z,eth1,192.168.8.10,138.97.240.197,31133,FORÇA E AÇÃO TELECOM - Diadema,3.44,0.68,689.8,302.73,3TEL
2025-10-17T13:00:36Z,eth1,192.168.8.10,138.97.240.197,27078,Mega Net Telecom Ltda - Diadema,49.91,5.11,536.91,179.73,3TEL
2025-10-17T13:06:00Z,eth1,192.168.8.10,138.97.240.197,31133,FORÇA E AÇÃO TELECOM - Diadema,3.07,0.75,703.34,303.14,3TEL
2025-10-17T13:10:31Z,eth1,192.168.8.10,138.97.240.197,63107,Global Web Telecom - Diadema,3.15,0.47,715.16,300.79,3TEL
2025-10-17T13:20:28Z,eth1,192.168.8.10,138.97.240.197,27078,Mega Net Telecom Ltda - Diadema,2.86,0.06,694.97,302.5,3TEL
2025-10-17T13:31:01Z,eth1,192.168.8.10,138.97.240.197,27078,Mega Net Telecom Ltda - Diadema,4.54,0.92,409.1,212.59,3TEL
2025-10-17T13:40:30Z,eth1,192.168.8.10,138.97.240.197,47219,CTI - Diadema,2.9,0.54,698.02,354.62,3TEL
2025-10-17T13:51:00Z,eth1,192.168.8.10,138.97.240.197,27078,Mega Net Telecom Ltda - Diadema,3.71,0.97,695.94,302.77,3TEL
2025-10-17T13:55:59Z,eth1,192.168.8.10,138.97.240.197,27078,Mega Net Telecom Ltda - Diadema,2.79,0.34,701.9,303.57,3TEL
2025-10-17T14:00:36Z,eth1,192.168.8.10,138.97.240.197,43094,Nossanet Fibra - São Paulo,28.46,1.07,343.72,229.79,3TEL
2025-10-17T14:05:31Z,eth1,192.168.8.10,138.97.240.197,47219,CTI - Diadema,2.79,0.1,697.24,335.64,3TEL
2025-10-17T14:20:31Z,eth1,192.168.8.10,138.97.240.197,63107,Global Web Telecom - Diadema,3.3,1.04,716.22,300.85,3TEL
2025-10-17T14:25:50Z,eth1,192.168.8.10,138.97.240.197,27078,Mega Net Telecom Ltda - Diadema,3.31,0.82,840.63,299.33,3TEL
2025-10-17T14:30:57Z,eth1,192.168.8.10,138.97.240.197,31133,FORÇA E AÇÃO TELECOM - Diadema,2.88,0.68,496.39,269.34,3TEL
2025-10-17T14:51:01Z,eth1,192.168.8.10,138.97.240.197,47219,CTI - Diadema,2.77,0.22,694.76,312.16,3TEL
2025-10-17T15:05:30Z,eth1,192.168.8.10,138.97.240.197,27078,Mega Net Telecom Ltda - Diadema,2.68,0.36,689.94,303.46,3TEL
2025-10-17T15:21:01Z,eth1,192.168.8.10,138.97.240.197,47219,CTI - Diadema,4.12,1.4,705.5,352.8,3TEL
2025-10-17T15:30:30Z,eth1,192.168.8.10,138.97.240.197,47219,CTI - Diadema,4.53,1.28,331.48,218.85,3TEL
2025-10-17T15:40:55Z,eth1,192.168.8.10,138.97.240.197,47219,CTI - Diadema,2.75,0.35,684.9,349.25,3TEL
2025-10-17T20:49:39Z,eth0,192.168.8.11,138.97.240.197,None,None,0.0,0.0,0.0,0.0,3TEL
2025-10-17T20:50:55Z,eth0,192.168.8.11,138.97.240.197,None,None,0.0,0.0,0.0,0.0,3TEL
2025-10-17T20:51:51Z,eth0,192.168.8.11,138.97.240.197,47219,CTI - Diadema,2.86,0.21,687.89,320.66,3TEL
2025-10-17T21:51:46Z,eth0,192.168.8.11,138.97.240.197,None,None,0.0,0.0,0.0,0.0,3TEL
2025-10-17T21:53:33Z,eth0,192.168.8.11,138.97.240.197,31133,FORÇA E AÇÃO TELECOM - Diadema,2.77,0.09,693.96,303.71,3TEL
2025-10-17T21:54:53Z,eth0,192.168.8.11,138.97.240.197,31133,FORÇA E AÇÃO TELECOM - Diadema,2.79,0.37,756.39,303.52,3TEL
2025-10-17T21:57:13Z,eth0,192.168.8.11,138.97.240.197,21107,CLICK & NAVEGUE - Diadema,3.83,1.17,599.46,317.43,3TEL
2025-10-17T22:01:04Z,eth0,192.168.8.11,138.97.240.197,43094,Nossanet Fibra - São Paulo,18.61,0.92,409.71,194.6,3TEL
2025-10-17T22:04:25Z,eth0,192.168.8.11,138.97.240.197,27078,Mega Net Telecom Ltda - Diadema,2.78,0.09,687.47,309.91,3TEL
2025-10-17T22:06:31Z,eth0,192.168.8.11,138.97.240.197,None,None,0.0,0.0,0.0,0.0,3TEL
2025-10-17T22:12:22Z,eth0,192.168.8.11,138.97.240.197,47219,CTI - Diadema,4.07,1.43,726.24,322.26,3TEL
2025-10-17T22:12:50Z,eth0,192.168.8.11,138.97.240.197,None,None,0.0,0.0,0.0,0.0,3TEL
2025-10-17T22:18:23Z,eth0,192.168.8.11,138.97.240.197,27078,Mega Net Telecom Ltda - Diadema,2.68,0.89,658.52,298.62,3TEL
2025-10-17T22:20:03Z,eth0,192.168.8.11,138.97.240.197,63107,Global Web Telecom - Diadema,2.82,0.17,785.65,304.71,3TEL
2025-10-17T22:30:36Z,eth0,192.168.8.11,138.97.240.197,31133,FORÇA E AÇÃO TELECOM - Diadema,2.88,0.48,578.24,257.9,3TEL
2025-10-17T22:36:53Z,eth0,192.168.8.11,138.97.240.197,47219,CTI - Diadema,3.18,0.56,498.79,325.21,3TEL
2025-10-17T22:42:30Z,eth0,192.168.8.11,138.97.240.197,47219,CTI - Diadema,4.79,0.93,709.68,308.91,3TEL
2025-10-17T22:48:26Z,eth0,192.168.8.11,138.97.240.197,47219,CTI - Diadema,2.86,0.57,694.59,317.87,3TEL
2025-10-17T23:06:24Z,eth0,192.168.8.11,138.97.240.197,31133,FORÇA E AÇÃO TELECOM - Diadema,2.76,0.22,720.11,302.25,3TEL
2025-10-17T23:12:34Z,eth0,192.168.8.11,138.97.240.197,31133,FORÇA E AÇÃO TELECOM - Diadema,2.94,0.77,693.0,302.72,3TEL
2025-10-17T23:30:52Z,eth0,192.168.8.11,138.97.240.197,31133,FORÇA E AÇÃO TELECOM - Diadema,3.76,1.08,385.78,320.05,3TEL
2025-10-17T23:36:51Z,eth0,192.168.8.11,138.97.240.197,47219,CTI - Diadema,2.79,0.48,723.72,309.61,3TEL
2025-10-17T23:48:59Z,eth0,192.168.8.11,138.97.240.197,31133,FORÇA E AÇÃO TELECOM - Diadema,2.78,0.23,699.34,303.93,3TEL
2025-10-18T00:18:22Z,eth0,192.168.8.11,138.97.240.197,62495,Velosch Telecom - Diadema,2.76,0.19,726.68,309.63,3TEL
2025-10-18T00:30:32Z,eth0,192.168.8.11,138.97.240.197,31133,FORÇA E AÇÃO TELECOM - Diadema,2.74,0.16,634.66,184.32,3TEL
2025-10-18T00:48:56Z,eth0,192.168.8.11,138.97.240.197,31133,FORÇA E AÇÃO TELECOM - Diadema,2.82,0.11,651.89,302.86,3TEL
2025-10-18T01:06:52Z,eth0,192.168.8.11,138.97.240.197,47219,CTI - Diadema,2.73,0.26,708.62,323.14,3TEL
2025-10-18T01:12:53Z,eth0,192.168.8.11,138.97.240.197,47219,CTI - Diadema,3.02,0.3,728.61,313.56,3TEL
2025-10-18T01:24:27Z,eth0,192.168.8.11,138.97.240.197,47219,CTI - Diadema,3.28,1.27,684.95,339.64,3TEL
2025-10-18T01:30:59Z,eth0,192.168.8.11,138.97.240.197,27078,Mega Net Telecom Ltda - Diadema,3.6,0.47,515.38,304.92,3TEL
2025-10-18T01:42:23Z,eth0,192.168.8.11,138.97.240.197,47219,CTI - Diadema,2.93,0.65,623.96,310.95,3TEL
2025-10-18T01:48:23Z,eth0,192.168.8.11,138.97.240.197,27078,Mega Net Telecom Ltda - Diadema,2.53,0.33,633.57,299.7,3TEL
2025-10-18T01:54:23Z,eth0,192.168.8.11,138.97.240.197,27078,Mega Net Telecom Ltda - Diadema,2.88,0.62,673.47,303.8,3TEL
2025-10-18T02:00:38Z,eth0,192.168.8.11,138.97.240.197,47219,CTI - Diadema,9.65,1.74,450.24,124.79,3TEL
2025-10-18T02:06:26Z,eth0,192.168.8.11,138.97.240.197,31133,FORÇA E AÇÃO TELECOM - Diadema,3.3,0.62,705.04,303.16,3TEL
2025-10-18T02:42:52Z,eth0,192.168.8.11,138.97.240.197,47219,CTI - Diadema,2.6,0.74,661.19,313.79,3TEL
2025-10-18T02:54:22Z,eth0,192.168.8.11,138.97.240.197,27078,Mega Net Telecom Ltda - Diadema,2.85,0.14,680.96,302.94,3TEL
2025-10-18T03:06:55Z,eth0,192.168.8.11,138.97.240.197,63107,Global Web Telecom - Diadema,2.88,0.99,679.84,301.36,3TEL
2025-10-18T03:18:22Z,eth0,192.168.8.11,138.97.240.197,31133,FORÇA E AÇÃO TELECOM - Diadema,2.86,0.11,671.14,302.53,3TEL
2025-10-18T03:36:26Z,eth0,192.168.8.11,138.97.240.197,27078,Mega Net Telecom Ltda - Diadema,3.17,0.3,634.16,302.93,3TEL
2025-10-18T03:54:51Z,eth0,192.168.8.11,138.97.240.197,47219,CTI - Diadema,2.77,0.31,781.45,321.48,3TEL
2025-10-18T04:18:25Z,eth0,192.168.8.11,138.97.240.197,21107,CLICK & NAVEGUE - Diadema,2.83,0.42,684.42,311.25,3TEL
2025-10-18T04:24:53Z,eth0,192.168.8.11,138.97.240.197,47219,CTI - Diadema,2.65,0.46,708.13,302.03,3TEL
2025-10-18T04:31:02Z,eth0,192.168.8.11,138.97.240.197,47219,CTI - Diadema,6.18,2.78,395.71,192.07,3TEL
2025-10-18T04:42:53Z,eth0,192.168.8.11,138.97.240.197,21107,CLICK & NAVEGUE - Diadema,2.76,0.11,725.66,303.59,3TEL
2025-10-18T04:48:28Z,eth0,192.168.8.11,138.97.240.197,27078,Mega Net Telecom Ltda - Diadema,2.78,0.14,707.12,304.55,3TEL
2025-10-18T05:18:32Z,eth0,192.168.8.11,138.97.240.197,21107,CLICK & NAVEGUE - Diadema,4.36,1.26,698.96,311.13,3TEL
2025-10-18T05:30:31Z,eth0,192.168.8.11,138.97.240.197,27078,Mega Net Telecom Ltda - Diadema,2.73,0.21,562.16,293.89,3TEL
2025-10-18T05:36:53Z,eth0,192.168.8.11,138.97.240.197,31133,FORÇA E AÇÃO TELECOM - Diadema,2.77,0.08,649.54,303.45,3TEL
2025-10-18T05:48:21Z,eth0,192.168.8.11,138.97.240.197,47219,CTI - Diadema,2.77,0.16,710.27,306.61,3TEL
2025-10-18T06:01:02Z,eth0,192.168.8.11,138.97.240.197,31133,FORÇA E AÇÃO TELECOM - Diadema,2.85,0.29,415.04,297.14,3TEL
2025-10-18T06:06:22Z,eth0,192.168.8.11,138.97.240.197,47219,CTI - Diadema,2.58,1.3,709.7,309.94,3TEL
2025-10-18T06:18:52Z,eth0,192.168.8.11,138.97.240.197,27078,Mega Net Telecom Ltda - Diadema,2.76,0.24,802.4,306.27,3TEL
2025-10-18T06:24:54Z,eth0,192.168.8.11,138.97.240.197,31133,FORÇA E AÇÃO TELECOM - Diadema,2.75,0.23,733.02,308.4,3TEL
2025-10-18T06:31:03Z,eth0,192.168.8.11,138.97.240.197,27078,Mega Net Telecom Ltda - Diadema,3.43,0.78,551.34,286.99,3TEL
2025-10-18T06:36:26Z,eth0,192.168.8.11,138.97.240.197,31133,FORÇA E AÇÃO TELECOM - Diadema,2.81,0.31,553.04,304.88,3TEL
2025-10-18T06:54:56Z,eth0,192.168.8.11,138.97.240.197,31133,FORÇA E AÇÃO TELECOM - Diadema,2.77,0.08,624.38,303.46,3TEL
2025-10-18T07:12:23Z,eth0,192.168.8.11,138.97.240.197,47219,CTI - Diadema,2.81,0.5,754.89,326.03,3TEL
2025-10-18T07:31:03Z,eth0,192.168.8.11,138.97.240.197,47219,CTI - Diadema,4.02,0.92,602.11,171.31,3TEL
2025-10-18T07:42:54Z,eth0,192.168.8.11,138.97.240.197,62495,Velosch Telecom - Diadema,2.79,0.11,713.62,303.29,3TEL
2025-10-18T07:54:51Z,eth0,192.168.8.11,138.97.240.197,47219,CTI - Diadema,2.92,0.32,788.61,312.66,3TEL
2025-10-18T08:06:21Z,eth0,192.168.8.11,138.97.240.197,47219,CTI - Diadema,2.86,0.44,546.34,316.55,3TEL
2025-10-18T08:31:04Z,eth0,192.168.8.11,138.97.240.197,31133,FORÇA E AÇÃO TELECOM - Diadema,12.41,0.62,402.62,229.19,3TEL
2025-10-18T08:42:24Z,eth0,192.168.8.11,138.97.240.197,31133,FORÇA E AÇÃO TELECOM - Diadema,3.32,0.58,673.8,332.2,3TEL
2025-10-18T09:00:31Z,eth0,192.168.8.11,138.97.240.197,47219,CTI - Diadema,2.61,0.78,259.41,116.94,3TEL
2025-10-18T09:06:53Z,eth0,192.168.8.11,138.97.240.197,21107,CLICK & NAVEGUE - Diadema,2.78,0.06,677.56,303.85,3TEL
2025-10-18T09:18:50Z,eth0,192.168.8.11,138.97.240.197,47219,CTI - Diadema,2.79,0.11,742.46,311.12,3TEL
2025-10-18T09:24:56Z,eth0,192.168.8.11,138.97.240.197,31133,FORÇA E AÇÃO TELECOM - Diadema,2.75,0.14,641.08,304.02,3TEL
2025-10-18T09:31:03Z,eth0,192.168.8.11,138.97.240.197,27078,Mega Net Telecom Ltda - Diadema,2.76,0.23,358.56,223.16,3TEL
2025-10-18T10:06:27Z,eth0,192.168.8.11,138.97.240.197,47219,CTI - Diadema,2.8,0.17,696.47,348.43,3TEL
2025-10-18T10:24:26Z,eth0,192.168.8.11,138.97.240.197,31133,FORÇA E AÇÃO TELECOM - Diadema,2.77,0.26,680.19,304.51,3TEL
2025-10-18T10:30:31Z,eth0,192.168.8.11,138.97.240.197,27078,Mega Net Telecom Ltda - Diadema,2.78,0.11,302.0,174.62,3TEL
2025-10-18T10:36:29Z,eth0,192.168.8.11,138.97.240.197,47219,CTI - Diadema,2.76,0.08,705.7,304.75,3TEL
2025-10-18T10:54:51Z,eth0,192.168.8.11,138.97.240.197,31133,FORÇA E AÇÃO TELECOM - Diadema,2.88,0.23,660.5,303.71,3TEL
2025-10-18T11:00:35Z,eth0,192.168.8.11,138.97.240.197,31133,FORÇA E AÇÃO TELECOM - Diadema,4.18,0.82,535.8,295.02,3TEL
2025-10-18T11:24:26Z,eth0,192.168.8.11,138.97.240.197,47219,CTI - Diadema,3.91,0.92,772.52,325.17,3TEL
2025-10-18T11:30:28Z,eth0,192.168.8.11,138.97.240.197,31133,FORÇA E AÇÃO TELECOM - Diadema,3.01,0.47,663.41,273.9,3TEL
2025-10-18T11:42:54Z,eth0,192.168.8.11,138.97.240.197,31133,FORÇA E AÇÃO TELECOM - Diadema,2.83,0.27,646.99,305.47,3TEL
2025-10-18T12:00:56Z,eth0,192.168.8.11,138.97.240.197,31133,FORÇA E AÇÃO TELECOM - Diadema,3.49,0.49,543.58,249.04,3TEL
2025-10-18T12:18:59Z,eth0,192.168.8.11,138.97.240.197,47219,CTI - Diadema,2.99,0.43,706.94,330.45,3TEL
2025-10-18T12:48:31Z,eth0,192.168.8.11,138.97.240.197,47219,CTI - Diadema,4.66,0.6,710.63,325.37,3TEL
2025-10-18T13:00:28Z,eth0,192.168.8.11,138.97.240.197,31133,FORÇA E AÇÃO TELECOM - Diadema,2.87,0.47,639.8,294.39,3TEL
2025-10-18T13:30:34Z,eth0,192.168.8.11,138.97.240.197,63107,Global Web Telecom - Diadema,39.45,1.58,587.2,166.88,3TEL
2025-10-18T13:36:31Z,eth0,192.168.8.11,138.97.240.197,21107,CLICK & NAVEGUE - Diadema,4.16,0.45,715.41,303.66,3TEL
2025-10-18T13:42:59Z,eth0,192.168.8.11,138.97.240.197,31133,FORÇA E AÇÃO TELECOM - Diadema,2.84,0.04,697.19,305.12,3TEL
2025-10-18T13:48:52Z,eth0,192.168.8.11,138.97.240.197,27078,Mega Net Telecom Ltda - Diadema,2.85,0.21,808.27,309.25,3TEL
2025-10-18T14:06:54Z,eth0,192.168.8.11,138.97.240.197,27078,Mega Net Telecom Ltda - Diadema,2.77,0.23,680.77,304.24,3TEL
2025-10-18T14:12:24Z,eth0,192.168.8.11,138.97.240.197,27078,Mega Net Telecom Ltda - Diadema,2.75,0.16,679.78,305.82,3TEL
2025-10-18T14:24:22Z,eth0,192.168.8.11,138.97.240.197,31133,FORÇA E AÇÃO TELECOM - Diadema,2.93,0.13,770.65,303.5,3TEL
2025-10-18T14:30:33Z,eth0,192.168.8.11,138.97.240.197,31133,FORÇA E AÇÃO TELECOM - Diadema,8.64,0.38,518.12,302.39,3TEL
2025-10-18T14:42:24Z,eth0,192.168.8.11,138.97.240.197,47219,CTI - Diadema,3.14,0.81,735.27,329.98,3TEL
2025-10-18T14:54:52Z,eth0,192.168.8.11,138.97.240.197,63107,Global Web Telecom - Diadema,2.81,0.03,616.74,304.09,3TEL
2025-10-18T15:00:33Z,eth0,192.168.8.11,138.97.240.197,27078,Mega Net Telecom Ltda - Diadema,2.83,0.19,516.55,142.64,3TEL
2025-10-18T15:06:51Z,eth0,192.168.8.11,138.97.240.197,27078,Mega Net Telecom Ltda - Diadema,2.82,0.09,803.68,303.53,3TEL
2025-10-18T15:18:22Z,eth0,192.168.8.11,138.97.240.197,31133,FORÇA E AÇÃO TELECOM - Diadema,2.79,0.07,699.24,303.28,3TEL
2025-10-18T15:24:30Z,eth0,192.168.8.11,138.97.240.197,27078,Mega Net Telecom Ltda - Diadema,2.83,0.07,700.71,303.59,3TEL
2025-10-18T15:36:28Z,eth0,192.168.8.11,138.97.240.197,47219,CTI - Diadema,3.03,0.4,536.46,309.25,3TEL
2025-10-18T15:42:30Z,eth0,192.168.8.11,138.97.240.197,47219,CTI - Diadema,3.16,0.38,751.79,320.55,3TEL
2025-10-18T15:54:52Z,eth0,192.168.8.11,138.97.240.197,63107,Global Web Telecom - Diadema,2.76,0.17,762.71,302.75,3TEL
2025-10-18T16:00:34Z,eth0,192.168.8.11,138.97.240.197,31133,FORÇA E AÇÃO TELECOM - Diadema,29.73,108.46,464.79,274.34,3TEL
2025-10-18T16:06:56Z,eth0,192.168.8.11,138.97.240.197,47219,CTI - Diadema,2.78,0.19,693.1,320.73,3TEL
2025-10-18T16:12:57Z,eth0,192.168.8.11,138.97.240.197,31133,FORÇA E AÇÃO TELECOM - Diadema,2.36,1.09,689.05,308.0,3TEL
2025-10-18T16:30:55Z,eth0,192.168.8.11,138.97.240.197,27078,Mega Net Telecom Ltda - Diadema,2.78,0.78,548.15,360.15,3TEL
2025-10-18T16:36:32Z,eth0,192.168.8.11,138.97.240.197,47219,CTI - Diadema,2.79,0.15,760.55,309.11,3TEL
2025-10-18T16:42:26Z,eth0,192.168.8.11,138.97.240.197,47219,CTI - Diadema,2.82,0.09,648.59,310.45,3TEL
2025-10-18T16:48:56Z,eth0,192.168.8.11,138.97.240.197,47219,CTI - Diadema,3.02,0.35,671.86,340.26,3TEL
2025-10-18T16:54:53Z,eth0,192.168.8.11,138.97.240.197,63107,Global Web Telecom - Diadema,2.77,1.5,721.25,303.04,3TEL
2025-10-18T17:06:24Z,eth0,192.168.8.11,138.97.240.197,27078,Mega Net Telecom Ltda - Diadema,2.77,0.14,755.26,308.21,3TEL
2025-10-18T17:12:24Z,eth0,192.168.8.11,138.97.240.197,47219,CTI - Diadema,2.8,0.22,741.04,315.54,3TEL
2025-10-18T17:18:28Z,eth0,192.168.8.11,138.97.240.197,47219,CTI - Diadema,2.86,0.36,662.09,352.71,3TEL
2025-10-18T17:30:32Z,eth0,192.168.8.11,138.97.240.197,27078,Mega Net Telecom Ltda - Diadema,2.91,0.19,455.9,247.69,3TEL
2025-10-18T17:48:53Z,eth0,192.168.8.11,138.97.240.197,31133,FORÇA E AÇÃO TELECOM - Diadema,2.78,1.56,684.07,303.5,3TEL
2025-10-18T18:06:30Z,eth0,192.168.8.11,138.97.240.197,31133,FORÇA E AÇÃO TELECOM - Diadema,3.18,1.63,684.95,303.44,3TEL
2025-10-18T18:12:52Z,eth0,192.168.8.11,138.97.240.197,47219,CTI - Diadema,2.92,0.28,731.38,299.69,3TEL
2025-10-18T18:18:25Z,eth0,192.168.8.11,138.97.240.197,47219,CTI - Diadema,2.64,1.44,707.38,325.83,3TEL
2025-10-18T18:30:32Z,eth0,192.168.8.11,138.97.240.197,47219,CTI - Diadema,5.53,1.11,331.78,210.7,3TEL
2025-10-18T18:36:25Z,eth0,192.168.8.11,138.97.240.197,47219,CTI - Diadema,3.23,0.88,735.45,311.84,3TEL
2025-10-18T18:48:22Z,eth0,192.168.8.11,138.97.240.197,47219,CTI - Diadema,2.55,0.1,701.87,311.01,3TEL
2025-10-18T19:18:56Z,eth0,192.168.8.11,138.97.240.197,31133,FORÇA E AÇÃO TELECOM - Diadema,2.74,0.24,697.61,309.98,3TEL
2025-10-18T19:36:28Z,eth0,192.168.8.11,138.97.240.197,62495,Velosch Telecom - Diadema,2.82,0.17,715.31,302.57,3TEL
2025-10-18T19:48:53Z,eth0,192.168.8.11,138.97.240.197,31133,FORÇA E AÇÃO TELECOM - Diadema,2.8,0.05,765.36,334.6,3TEL
2025-10-18T19:54:59Z,eth0,192.168.8.11,138.97.240.197,31133,FORÇA E AÇÃO TELECOM - Diadema,2.82,0.21,630.56,304.31,3TEL
2025-10-18T20:18:33Z,eth0,192.168.8.11,138.97.240.197,47219,CTI - Diadema,2.83,0.18,719.89,336.95,3TEL
2025-10-18T20:31:04Z,eth0,192.168.8.11,138.97.240.197,63107,Global Web Telecom - Diadema,6.12,0.39,564.35,261.39,3TEL
2025-10-18T20:48:25Z,eth0,192.168.8.11,138.97.240.197,31133,FORÇA E AÇÃO TELECOM - Diadema,2.7,0.17,756.28,303.86,3TEL
2025-10-18T21:00:35Z,eth0,192.168.8.11,138.97.240.197,47219,CTI - Diadema,3.69,1.93,489.87,36.24,3TEL
2025-10-18T21:24:23Z,eth0,192.168.8.11,138.97.240.197,27078,Mega Net Telecom Ltda - Diadema,2.9,0.15,691.0,301.3,3TEL
2025-10-18T21:48:22Z,eth0,192.168.8.11,138.97.240.197,62495,Velosch Telecom - Diadema,2.86,0.19,720.93,301.52,3TEL
2025-10-18T21:54:30Z,eth0,192.168.8.11,138.97.240.197,47219,CTI - Diadema,2.84,0.2,704.07,310.52,3TEL
2025-10-18T22:00:30Z,eth0,192.168.8.11,138.97.240.197,27078,Mega Net Telecom Ltda - Diadema,3.07,0.68,612.36,129.01,3TEL
2025-10-18T22:36:52Z,eth0,192.168.8.11,138.97.240.197,47219,CTI - Diadema,3.1,0.77,741.54,314.11,3TEL
2025-10-18T22:48:23Z,eth0,192.168.8.11,138.97.240.197,27078,Mega Net Telecom Ltda - Diadema,2.83,0.14,773.69,305.22,3TEL
2025-10-18T22:54:26Z,eth0,192.168.8.11,138.97.240.197,27078,Mega Net Telecom Ltda - Diadema,2.81,0.12,687.98,302.24,3TEL
2025-10-18T23:06:54Z,eth0,192.168.8.11,138.97.240.197,47219,CTI - Diadema,2.84,0.11,707.65,308.45,3TEL
2025-10-18T23:24:26Z,eth0,192.168.8.11,138.97.240.197,27078,Mega Net Telecom Ltda - Diadema,2.62,1.11,697.07,298.97,3TEL
2025-10-18T23:30:26Z,eth0,192.168.8.11,138.97.240.197,31133,FORÇA E AÇÃO TELECOM - Diadema,2.7,0.21,616.93,280.57,3TEL
2025-10-18T23:42:52Z,eth0,192.168.8.11,138.97.240.197,47219,CTI - Diadema,6.57,3.39,692.05,299.77,3TEL
2025-10-19T00:00:58Z,eth0,192.168.8.11,138.97.240.197,31133,FORÇA E AÇÃO TELECOM - Diadema,4.73,2.37,482.67,328.1,3TEL
2025-10-19T00:18:55Z,eth0,192.168.8.11,138.97.240.197,27078,Mega Net Telecom Ltda - Diadema,2.8,0.3,648.41,303.76,3TEL
2025-10-19T00:30:30Z,eth0,192.168.8.11,138.97.240.197,27078,Mega Net Telecom Ltda - Diadema,7.57,0.72,219.23,193.6,3TEL
2025-10-19T00:48:55Z,eth0,192.168.8.11,138.97.240.197,47219,CTI - Diadema,2.27,0.37,643.45,304.12,3TEL
2025-10-19T00:54:24Z,eth0,192.168.8.11,138.97.240.197,47219,CTI - Diadema,2.77,0.18,708.0,307.78,3TEL
2025-10-19T01:00:31Z,eth0,192.168.8.11,138.97.240.197,44965,Interativa Internet Telecom - São Paulo,12.56,0.99,448.88,268.88,3TEL
2025-10-19T01:12:31Z,eth0,192.168.8.11,138.97.240.197,47219,CTI - Diadema,2.77,0.18,665.86,324.81,3TEL
2025-10-19T01:18:22Z,eth0,192.168.8.11,138.97.240.197,47219,CTI - Diadema,3.31,1.11,669.21,326.67,3TEL
2025-10-19T01:31:02Z,eth0,192.168.8.11,138.97.240.197,27078,Mega Net Telecom Ltda - Diadema,2.56,0.38,536.96,262.59,3TEL
2025-10-19T01:42:24Z,eth0,192.168.8.11,138.97.240.197,27078,Mega Net Telecom Ltda - Diadema,3.04,0.93,755.98,301.35,3TEL
2025-10-19T01:48:26Z,eth0,192.168.8.11,138.97.240.197,31133,FORÇA E AÇÃO TELECOM - Diadema,2.81,0.42,701.08,306.63,3TEL
2025-10-19T01:55:00Z,eth0,192.168.8.11,138.97.240.197,47219,CTI - Diadema,2.72,0.2,708.9,303.2,3TEL
2025-10-19T02:00:37Z,eth0,192.168.8.11,138.97.240.197,31133,FORÇA E AÇÃO TELECOM - Diadema,2.79,0.25,604.45,328.84,3TEL
2025-10-19T02:06:25Z,eth0,192.168.8.11,138.97.240.197,47219,CTI - Diadema,2.93,0.29,690.65,314.72,3TEL
2025-10-19T02:12:28Z,eth0,192.168.8.11,138.97.240.197,31133,FORÇA E AÇÃO TELECOM - Diadema,2.78,0.06,600.54,300.64,3TEL
2025-10-19T02:24:59Z,eth0,192.168.8.11,138.97.240.197,47219,CTI - Diadema,2.8,0.16,707.68,314.72,3TEL
2025-10-19T02:36:22Z,eth0,192.168.8.11,138.97.240.197,31133,FORÇA E AÇÃO TELECOM - Diadema,2.77,0.17,738.32,301.17,3TEL
2025-10-19T02:48:54Z,eth0,192.168.8.11,138.97.240.197,27078,Mega Net Telecom Ltda - Diadema,2.75,0.57,649.53,301.04,3TEL
2025-10-19T03:19:00Z,eth0,192.168.8.11,138.97.240.197,47219,CTI - Diadema,2.88,0.54,707.8,318.12,3TEL
2025-10-19T03:24:26Z,eth0,192.168.8.11,138.97.240.197,21107,CLICK & NAVEGUE - Diadema,2.86,0.09,610.52,384.6,3TEL
2025-10-19T04:06:54Z,eth0,192.168.8.11,138.97.240.197,27078,Mega Net Telecom Ltda - Diadema,2.51,0.73,722.28,300.96,3TEL
2025-10-19T04:31:03Z,eth0,192.168.8.11,138.97.240.197,47219,CTI - Diadema,2.77,0.09,415.23,161.74,3TEL
2025-10-19T04:42:28Z,eth0,192.168.8.11,138.97.240.197,47219,CTI - Diadema,3.42,0.4,728.88,302.9,3TEL
2025-10-19T04:48:30Z,eth0,192.168.8.11,138.97.240.197,27078,Mega Net Telecom Ltda - Diadema,2.59,0.2,702.19,302.76,3TEL
2025-10-19T05:31:03Z,eth0,192.168.8.11,138.97.240.197,27078,Mega Net Telecom Ltda - Diadema,2.77,0.14,461.2,217.47,3TEL
2025-10-19T05:36:53Z,eth0,192.168.8.11,138.97.240.197,47219,CTI - Diadema,2.22,0.13,740.35,302.51,3TEL
2025-10-19T05:54:25Z,eth0,192.168.8.11,138.97.240.197,47219,CTI - Diadema,2.62,0.51,713.67,319.56,3TEL
2025-10-19T06:06:30Z,eth0,192.168.8.11,138.97.240.197,31133,FORÇA E AÇÃO TELECOM - Diadema,2.74,0.31,675.68,302.3,3TEL
2025-10-19T06:12:59Z,eth0,192.168.8.11,138.97.240.197,27078,Mega Net Telecom Ltda - Diadema,2.76,0.16,684.17,303.4,3TEL
2025-10-19T06:24:26Z,eth0,192.168.8.11,138.97.240.197,47219,CTI - Diadema,3.41,1.97,670.19,323.22,3TEL
2025-10-19T06:36:24Z,eth0,192.168.8.11,138.97.240.197,62495,Velosch Telecom - Diadema,2.76,0.19,523.28,302.03,3TEL
2025-10-19T06:42:54Z,eth0,192.168.8.11,138.97.240.197,21107,CLICK & NAVEGUE - Diadema,2.8,0.05,724.31,303.35,3TEL
2025-10-19T06:54:32Z,eth0,192.168.8.11,138.97.240.197,47219,CTI - Diadema,3.92,0.73,719.34,338.87,3TEL
2025-10-19T07:07:00Z,eth0,192.168.8.11,138.97.240.197,47219,CTI - Diadema,2.88,0.52,700.94,320.06,3TEL
2025-10-19T07:12:29Z,eth0,192.168.8.11,138.97.240.197,31133,FORÇA E AÇÃO TELECOM - Diadema,2.82,0.21,692.16,304.27,3TEL
2025-10-19T07:24:27Z,eth0,192.168.8.11,138.97.240.197,27078,Mega Net Telecom Ltda - Diadema,2.59,0.26,636.0,293.81,3TEL
2025-10-19T07:30:31Z,eth0,192.168.8.11,138.97.240.197,31133,FORÇA E AÇÃO TELECOM - Diadema,4.52,0.78,497.45,246.42,3TEL
2025-10-19T07:36:26Z,eth0,192.168.8.11,138.97.240.197,31133,FORÇA E AÇÃO TELECOM - Diadema,2.73,0.21,670.08,303.15,3TEL
2025-10-19T07:48:55Z,eth0,192.168.8.11,138.97.240.197,31133,FORÇA E AÇÃO TELECOM - Diadema,2.76,0.14,720.63,303.4,3TEL
2025-10-19T07:54:55Z,eth0,192.168.8.11,138.97.240.197,27078,Mega Net Telecom Ltda - Diadema,2.79,0.06,650.03,304.65,3TEL
2025-10-19T08:00:35Z,eth0,192.168.8.11,138.97.240.197,47219,CTI - Diadema,2.83,0.22,504.37,49.02,3TEL
2025-10-19T08:12:50Z,eth0,192.168.8.11,138.97.240.197,47219,CTI - Diadema,3.45,1.27,723.17,325.96,3TEL
2025-10-19T08:36:58Z,eth0,192.168.8.11,138.97.240.197,27078,Mega Net Telecom Ltda - Diadema,2.73,0.22,705.55,304.92,3TEL
2025-10-19T09:00:53Z,eth0,192.168.8.11,138.97.240.197,27078,Mega Net Telecom Ltda - Diadema,2.83,0.09,677.39,293.4,3TEL
2025-10-19T09:06:54Z,eth0,192.168.8.11,138.97.240.197,47219,CTI - Diadema,2.81,0.04,755.09,308.53,3TEL
2025-10-19T09:18:56Z,eth0,192.168.8.11,138.97.240.197,21107,CLICK & NAVEGUE - Diadema,2.73,0.34,730.1,304.61,3TEL
2025-10-19T09:36:53Z,eth0,192.168.8.11,138.97.240.197,63107,Global Web Telecom - Diadema,2.93,0.55,728.87,303.6,3TEL
2025-10-19T09:42:30Z,eth0,192.168.8.11,138.97.240.197,47219,CTI - Diadema,2.88,0.48,707.03,326.92,3TEL
2025-10-19T09:48:28Z,eth0,192.168.8.11,138.97.240.197,62495,Velosch Telecom - Diadema,2.75,0.19,708.03,305.44,3TEL
2025-10-19T09:54:56Z,eth0,192.168.8.11,138.97.240.197,27078,Mega Net Telecom Ltda - Diadema,2.74,0.25,699.61,313.42,3TEL
2025-10-19T10:06:57Z,eth0,192.168.8.11,138.97.240.197,31133,FORÇA E AÇÃO TELECOM - Diadema,2.75,0.15,647.53,305.32,3TEL
2025-10-19T10:25:00Z,eth0,192.168.8.11,138.97.240.197,31133,FORÇA E AÇÃO TELECOM - Diadema,2.8,0.11,704.96,304.6,3TEL
2025-10-19T10:42:22Z,eth0,192.168.8.11,138.97.240.197,47219,CTI - Diadema,2.79,0.13,734.53,311.66,3TEL
2025-10-19T10:54:25Z,eth0,192.168.8.11,138.97.240.197,47219,CTI - Diadema,2.79,0.22,709.34,329.95,3TEL
2025-10-19T11:01:05Z,eth0,192.168.8.11,138.97.240.197,47219,CTI - Diadema,2.73,0.9,147.45,90.07,3TEL
2025-10-19T11:06:51Z,eth0,192.168.8.11,138.97.240.197,63107,Global Web Telecom - Diadema,2.75,0.24,785.61,303.54,3TEL
2025-10-19T11:24:59Z,eth0,192.168.8.11,138.97.240.197,31133,FORÇA E AÇÃO TELECOM - Diadema,2.89,0.59,706.15,304.4,3TEL
2025-10-19T11:36:59Z,eth0,192.168.8.11,138.97.240.197,62495,Velosch Telecom - Diadema,2.72,0.1,702.46,303.54,3TEL
2025-10-19T11:54:22Z,eth0,192.168.8.11,138.97.240.197,62495,Velosch Telecom - Diadema,2.82,0.87,699.74,304.43,3TEL
2025-10-19T12:06:58Z,eth0,192.168.8.11,138.97.240.197,31133,FORÇA E AÇÃO TELECOM - Diadema,2.82,0.13,682.66,307.21,3TEL
2025-10-19T12:18:25Z,eth0,192.168.8.11,138.97.240.197,62495,Velosch Telecom - Diadema,3.25,0.75,710.99,303.47,3TEL
2025-10-19T13:24:22Z,eth0,192.168.8.11,138.97.240.197,27078,Mega Net Telecom Ltda - Diadema,2.81,0.16,728.04,303.84,3TEL
2025-10-19T13:30:28Z,eth0,192.168.8.11,138.97.240.197,27078,Mega Net Telecom Ltda - Diadema,4.19,0.27,478.09,298.71,3TEL
2025-10-19T13:42:29Z,eth0,192.168.8.11,138.97.240.197,47219,CTI - Diadema,2.95,0.34,758.69,325.2,3TEL
2025-10-19T14:00:29Z,eth0,192.168.8.11,138.97.240.197,27078,Mega Net Telecom Ltda - Diadema,2.86,0.1,600.72,122.43,3TEL
2025-10-19T14:12:56Z,eth0,192.168.8.11,138.97.240.197,31133,FORÇA E AÇÃO TELECOM - Diadema,2.72,0.3,644.7,303.64,3TEL
2025-10-19T14:18:22Z,eth0,192.168.8.11,138.97.240.197,63107,Global Web Telecom - Diadema,2.73,0.06,725.07,303.96,3TEL
2025-10-19T14:24:27Z,eth0,192.168.8.11,138.97.240.197,21107,CLICK & NAVEGUE - Diadema,2.87,0.1,728.3,303.84,3TEL
2025-10-19T14:31:01Z,eth0,192.168.8.11,138.97.240.197,44965,Interativa Internet Telecom - São Paulo,16.37,0.7,485.34,254.74,3TEL
2025-10-19T14:54:21Z,eth0,192.168.8.11,138.97.240.197,47219,CTI - Diadema,3.31,0.04,726.99,316.43,3TEL
2025-10-19T15:06:24Z,eth0,192.168.8.11,138.97.240.197,31133,FORÇA E AÇÃO TELECOM - Diadema,2.85,0.08,708.36,309.62,3TEL
2025-10-19T15:12:52Z,eth0,192.168.8.11,138.97.240.197,63107,Global Web Telecom - Diadema,2.82,0.12,781.8,306.07,3TEL
2025-10-19T15:48:27Z,eth0,192.168.8.11,138.97.240.197,27078,Mega Net Telecom Ltda - Diadema,2.77,0.62,697.29,303.48,3TEL
2025-10-19T16:00:32Z,eth0,192.168.8.11,138.97.240.197,47219,CTI - Diadema,13.98,109.17,193.13,77.76,3TEL
2025-10-19T16:06:26Z,eth0,192.168.8.11,138.97.240.197,62495,Velosch Telecom - Diadema,2.92,0.34,675.21,302.6,3TEL
2025-10-19T16:36:26Z,eth0,192.168.8.11,138.97.240.197,31133,FORÇA E AÇÃO TELECOM - Diadema,3.53,0.88,646.07,303.38,3TEL
2025-10-19T16:42:22Z,eth0,192.168.8.11,138.97.240.197,31133,FORÇA E AÇÃO TELECOM - Diadema,3.38,1.03,704.23,308.57,3TEL
2025-10-19T16:48:25Z,eth0,192.168.8.11,138.97.240.197,31133,FORÇA E AÇÃO TELECOM - Diadema,3.2,1.38,710.67,303.23,3TEL
2025-10-19T17:00:58Z,eth0,192.168.8.11,138.97.240.197,27078,Mega Net Telecom Ltda - Diadema,3.3,0.61,617.56,240.73,3TEL
2025-10-19T17:12:50Z,eth0,192.168.8.11,138.97.240.197,47219,CTI - Diadema,4.28,1.67,733.71,319.43,3TEL
2025-10-19T17:18:55Z,eth0,192.168.8.11,138.97.240.197,31133,FORÇA E AÇÃO TELECOM - Diadema,2.84,0.05,670.14,301.09,3TEL
2025-10-19T17:24:36Z,eth0,192.168.8.11,138.97.240.197,62495,Velosch Telecom - Diadema,2.98,0.19,639.39,335.66,3TEL
2025-10-19T17:36:23Z,eth0,192.168.8.11,138.97.240.197,47219,CTI - Diadema,2.76,0.18,739.64,312.16,3TEL
2025-10-19T17:42:22Z,eth0,192.168.8.11,138.97.240.197,27078,Mega Net Telecom Ltda - Diadema,2.83,0.14,752.07,303.65,3TEL
2025-10-19T18:01:05Z,eth0,192.168.8.11,138.97.240.197,44965,Interativa Internet Telecom - São Paulo,8.08,1.3,291.21,252.47,3TEL
2025-10-19T18:24:53Z,eth0,192.168.8.11,138.97.240.197,31133,FORÇA E AÇÃO TELECOM - Diadema,2.82,0.2,634.21,303.43,3TEL
2025-10-19T18:30:35Z,eth0,192.168.8.11,138.97.240.197,47219,CTI - Diadema,3.82,0.15,282.78,112.04,3TEL
2025-10-19T18:36:57Z,eth0,192.168.8.11,138.97.240.197,47219,CTI - Diadema,5.52,1.65,682.0,338.42,3TEL
2025-10-19T18:42:27Z,eth0,192.168.8.11,138.97.240.197,27078,Mega Net Telecom Ltda - Diadema,2.8,0.05,649.47,302.52,3TEL
2025-10-19T18:48:21Z,eth0,192.168.8.11,138.97.240.197,27078,Mega Net Telecom Ltda - Diadema,2.77,0.09,782.19,300.55,3TEL
2025-10-19T19:01:03Z,eth0,192.168.8.11,138.97.240.197,62495,Velosch Telecom - Diadema,3.9,1.51,311.63,267.65,3TEL
2025-10-19T19:24:58Z,eth0,192.168.8.11,138.97.240.197,27078,Mega Net Telecom Ltda - Diadema,2.85,0.21,713.36,302.57,3TEL
2025-10-19T19:31:04Z,eth0,192.168.8.11,138.97.240.197,47219,CTI - Diadema,4.86,1.17,367.35,192.05,3TEL
2025-10-19T19:48:28Z,eth0,192.168.8.11,138.97.240.197,47219,CTI - Diadema,3.39,0.66,730.51,320.26,3TEL
2025-10-19T19:54:58Z,eth0,192.168.8.11,138.97.240.197,27078,Mega Net Telecom Ltda - Diadema,2.8,0.08,639.12,308.06,3TEL
2025-10-19T20:01:05Z,eth0,192.168.8.11,138.97.240.197,27078,Mega Net Telecom Ltda - Diadema,13.55,1.81,465.5,166.87,3TEL
2025-10-19T20:06:56Z,eth0,192.168.8.11,138.97.240.197,47219,CTI - Diadema,2.95,0.59,723.41,332.39,3TEL
2025-10-19T20:18:27Z,eth0,192.168.8.11,138.97.240.197,47219,CTI - Diadema,3.22,0.58,709.75,333.88,3TEL
2025-10-19T20:30:39Z,eth0,192.168.8.11,138.97.240.197,62495,Velosch Telecom - Diadema,17.16,0.98,523.35,272.72,3TEL
2025-10-19T20:48:55Z,eth0,192.168.8.11,138.97.240.197,31133,FORÇA E AÇÃO TELECOM - Diadema,2.75,0.23,716.78,293.59,3TEL
2025-10-19T20:54:57Z,eth0,192.168.8.11,138.97.240.197,31133,FORÇA E AÇÃO TELECOM - Diadema,2.78,0.11,674.31,305.22,3TEL
2025-10-19T21:24:26Z,eth0,192.168.8.11,138.97.240.197,31133,FORÇA E AÇÃO TELECOM - Diadema,2.93,1.42,744.27,327.79,3TEL
2025-10-19T21:36:34Z,eth0,192.168.8.11,138.97.240.197,31133,FORÇA E AÇÃO TELECOM - Diadema,2.73,0.34,676.65,333.36,3TEL
2025-10-19T22:06:51Z,eth0,192.168.8.11,138.97.240.197,31133,FORÇA E AÇÃO TELECOM - Diadema,2.74,0.08,732.71,303.16,3TEL
2025-10-19T22:12:25Z,eth0,192.168.8.11,138.97.240.197,63107,Global Web Telecom - Diadema,2.86,0.19,768.5,303.34,3TEL
2025-10-19T22:18:52Z,eth0,192.168.8.11,138.97.240.197,47219,CTI - Diadema,3.08,0.83,755.33,317.54,3TEL
2025-10-19T22:24:26Z,eth0,192.168.8.11,138.97.240.197,47219,CTI - Diadema,4.27,1.51,700.33,303.41,3TEL
2025-10-19T22:30:31Z,eth0,192.168.8.11,138.97.240.197,31133,FORÇA E AÇÃO TELECOM - Diadema,2.83,0.47,571.94,268.77,3TEL
2025-10-19T22:42:58Z,eth0,192.168.8.11,138.97.240.197,27078,Mega Net Telecom Ltda - Diadema,2.81,0.05,659.08,302.31,3TEL
2025-10-19T22:48:23Z,eth0,192.168.8.11,138.97.240.197,47219,CTI - Diadema,2.96,0.54,672.58,317.21,3TEL
2025-10-19T22:55:00Z,eth0,192.168.8.11,138.97.240.197,47219,CTI - Diadema,2.75,0.22,708.7,308.6,3TEL
2025-10-19T23:00:33Z,eth0,192.168.8.11,138.97.240.197,47219,CTI - Diadema,2.78,0.09,294.49,72.38,3TEL
2025-10-19T23:06:52Z,eth0,192.168.8.11,138.97.240.197,63107,Global Web Telecom - Diadema,2.85,0.16,702.58,296.92,3TEL
2025-10-19T23:18:29Z,eth0,192.168.8.11,138.97.240.197,31133,FORÇA E AÇÃO TELECOM - Diadema,2.78,0.05,696.41,302.37,3TEL
2025-10-19T23:30:34Z,eth0,192.168.8.11,138.97.240.197,27078,Mega Net Telecom Ltda - Diadema,6.86,0.67,496.32,251.15,3TEL
2025-10-19T23:36:54Z,eth0,192.168.8.11,138.97.240.197,27078,Mega Net Telecom Ltda - Diadema,3.0,0.39,706.81,301.18,3TEL
2025-10-19T23:42:59Z,eth0,192.168.8.11,138.97.240.197,31133,FORÇA E AÇÃO TELECOM - Diadema,2.63,0.3,699.17,303.75,3TEL
2025-10-19T23:54:23Z,eth0,192.168.8.11,138.97.240.197,47219,CTI - Diadema,2.69,0.34,655.81,314.62,3TEL
2025-10-20T00:00:37Z,eth0,192.168.8.11,138.97.240.197,21107,CLICK & NAVEGUE - Diadema,13.34,3.94,369.17,293.26,3TEL
2025-10-20T00:06:53Z,eth0,192.168.8.11,138.97.240.197,47219,CTI - Diadema,3.32,1.71,754.34,305.59,3TEL
2025-10-20T00:18:23Z,eth0,192.168.8.11,138.97.240.197,27078,Mega Net Telecom Ltda - Diadema,2.76,0.2,707.71,302.84,3TEL
2025-10-20T00:24:59Z,eth0,192.168.8.11,138.97.240.197,27078,Mega Net Telecom Ltda - Diadema,2.76,0.04,709.39,297.63,3TEL
2025-10-20T00:48:30Z,eth0,192.168.8.11,138.97.240.197,47219,CTI - Diadema,2.8,0.13,707.4,317.78,3TEL
2025-10-20T00:54:57Z,eth0,192.168.8.11,138.97.240.197,47219,CTI - Diadema,2.77,0.16,625.99,303.6,3TEL
2025-10-20T01:01:08Z,eth0,192.168.8.11,138.97.240.197,47219,CTI - Diadema,6.39,0.33,213.78,25.38,3TEL
2025-10-20T01:06:52Z,eth0,192.168.8.11,138.97.240.197,47219,CTI - Diadema,2.88,0.41,746.74,304.29,3TEL
2025-10-20T01:24:29Z,eth0,192.168.8.11,138.97.240.197,47219,CTI - Diadema,2.73,0.11,690.04,304.75,3TEL
2025-10-20T01:30:35Z,eth0,192.168.8.11,138.97.240.197,47219,CTI - Diadema,2.57,0.79,248.48,166.56,3TEL
2025-10-20T01:54:53Z,eth0,192.168.8.11,138.97.240.197,31133,FORÇA E AÇÃO TELECOM - Diadema,2.8,0.17,710.14,303.06,3TEL
2025-10-20T02:06:22Z,eth0,192.168.8.11,138.97.240.197,27078,Mega Net Telecom Ltda - Diadema,2.82,0.51,747.47,304.82,3TEL
2025-10-20T02:12:53Z,eth0,192.168.8.11,138.97.240.197,47219,CTI - Diadema,2.82,0.95,730.94,324.65,3TEL
2025-10-20T02:18:30Z,eth0,192.168.8.11,138.97.240.197,31133,FORÇA E AÇÃO TELECOM - Diadema,2.67,0.24,636.08,299.92,3TEL
2025-10-20T02:31:06Z,eth0,192.168.8.11,138.97.240.197,63107,Global Web Telecom - Diadema,3.74,0.52,539.91,260.06,3TEL
2025-10-20T02:36:28Z,eth0,192.168.8.11,138.97.240.197,47219,CTI - Diadema,2.73,0.23,618.39,307.02,3TEL
2025-10-20T02:42:55Z,eth0,192.168.8.11,138.97.240.197,31133,FORÇA E AÇÃO TELECOM - Diadema,2.77,0.07,695.18,312.31,3TEL
2025-10-20T03:12:31Z,eth0,192.168.8.11,138.97.240.197,47219,CTI - Diadema,2.69,0.5,697.95,316.91,3TEL
2025-10-20T03:30:59Z,eth0,192.168.8.11,138.97.240.197,47219,CTI - Diadema,10.32,0.96,505.69,135.52,3TEL
2025-10-20T03:36:31Z,eth0,192.168.8.11,138.97.240.197,31133,FORÇA E AÇÃO TELECOM - Diadema,2.81,0.32,698.62,302.86,3TEL
2025-10-20T03:54:53Z,eth0,192.168.8.11,138.97.240.197,21107,CLICK & NAVEGUE - Diadema,2.87,1.21,663.14,302.68,3TEL
2025-10-20T04:24:58Z,eth0,192.168.8.11,138.97.240.197,27078,Mega Net Telecom Ltda - Diadema,2.81,0.26,711.07,303.58,3TEL
2025-10-20T04:30:40Z,eth0,192.168.8.11,138.97.240.197,44965,Interativa Internet Telecom - São Paulo,11.92,0.96,602.8,295.65,3TEL
2025-10-20T04:42:51Z,eth0,192.168.8.11,138.97.240.197,47219,CTI - Diadema,2.69,0.17,681.47,321.03,3TEL
2025-10-20T04:54:53Z,eth0,192.168.8.11,138.97.240.197,47219,CTI - Diadema,2.76,0.11,658.25,325.47,3TEL
2025-10-20T05:01:03Z,eth0,192.168.8.11,138.97.240.197,63107,Global Web Telecom - Diadema,4.18,0.9,557.17,260.92,3TEL
2025-10-20T05:06:25Z,eth0,192.168.8.11,138.97.240.197,27078,Mega Net Telecom Ltda - Diadema,2.78,0.09,757.45,303.6,3TEL
2025-10-20T05:25:00Z,eth0,192.168.8.11,138.97.240.197,27078,Mega Net Telecom Ltda - Diadema,2.6,0.49,704.2,304.27,3TEL
2025-10-20T05:36:27Z,eth0,192.168.8.11,138.97.240.197,27078,Mega Net Telecom Ltda - Diadema,2.81,0.06,718.11,308.58,3TEL
2025-10-20T05:48:54Z,eth0,192.168.8.11,138.97.240.197,27078,Mega Net Telecom Ltda - Diadema,2.81,0.31,643.74,305.56,3TEL
2025-10-20T05:54:56Z,eth0,192.168.8.11,138.97.240.197,31133,FORÇA E AÇÃO TELECOM - Diadema,2.8,0.14,697.6,304.05,3TEL
2025-10-20T06:00:33Z,eth0,192.168.8.11,138.97.240.197,63107,Global Web Telecom - Diadema,3.82,0.18,563.02,198.68,3TEL
2025-10-20T06:06:22Z,eth0,192.168.8.11,138.97.240.197,31133,FORÇA E AÇÃO TELECOM - Diadema,2.79,0.2,653.77,303.72,3TEL
2025-10-20T06:12:23Z,eth0,192.168.8.11,138.97.240.197,21107,CLICK & NAVEGUE - Diadema,2.83,0.23,720.26,303.79,3TEL
2025-10-20T06:18:23Z,eth0,192.168.8.11,138.97.240.197,47219,CTI - Diadema,2.83,0.08,696.29,323.4,3TEL
2025-10-20T06:24:53Z,eth0,192.168.8.11,138.97.240.197,31133,FORÇA E AÇÃO TELECOM - Diadema,2.79,0.17,733.92,318.75,3TEL
2025-10-20T06:42:56Z,eth0,192.168.8.11,138.97.240.197,47219,CTI - Diadema,2.76,0.2,609.55,307.38,3TEL
2025-10-20T06:48:23Z,eth0,192.168.8.11,138.97.240.197,47219,CTI - Diadema,2.79,0.19,746.3,308.84,3TEL
2025-10-20T06:54:33Z,eth0,192.168.8.11,138.97.240.197,47219,CTI - Diadema,2.74,0.22,712.34,333.29,3TEL
2025-10-20T07:00:59Z,eth0,192.168.8.11,138.97.240.197,47219,CTI - Diadema,7.32,1.42,370.43,146.4,3TEL
2025-10-20T07:18:27Z,eth0,192.168.8.11,138.97.240.197,21107,CLICK & NAVEGUE - Diadema,2.83,0.15,682.42,304.15,3TEL
2025-10-20T07:42:26Z,eth0,192.168.8.11,138.97.240.197,27078,Mega Net Telecom Ltda - Diadema,2.67,0.14,711.62,303.77,3TEL
2025-10-20T07:54:26Z,eth0,192.168.8.11,138.97.240.197,27078,Mega Net Telecom Ltda - Diadema,2.66,0.2,703.43,315.03,3TEL
2025-10-20T08:06:51Z,eth0,192.168.8.11,138.97.240.197,47219,CTI - Diadema,2.7,0.37,788.78,314.32,3TEL
2025-10-20T08:18:55Z,eth0,192.168.8.11,138.97.240.197,27078,Mega Net Telecom Ltda - Diadema,2.79,0.1,707.59,304.8,3TEL
2025-10-20T08:30:34Z,eth0,192.168.8.11,138.97.240.197,47219,CTI - Diadema,2.67,0.09,447.54,143.38,3TEL
2025-10-20T08:48:26Z,eth0,192.168.8.11,138.97.240.197,47219,CTI - Diadema,2.59,0.2,740.51,305.6,3TEL
2025-10-20T08:54:29Z,eth0,192.168.8.11,138.97.240.197,27078,Mega Net Telecom Ltda - Diadema,2.67,0.18,706.39,303.64,3TEL
2025-10-20T09:01:03Z,eth0,192.168.8.11,138.97.240.197,27078,Mega Net Telecom Ltda - Diadema,2.71,0.11,298.88,205.39,3TEL
2025-10-20T09:12:26Z,eth0,192.168.8.11,138.97.240.197,47219,CTI - Diadema,2.88,0.4,722.02,304.53,3TEL
2025-10-20T09:25:01Z,eth0,192.168.8.11,138.97.240.197,47219,CTI - Diadema,2.61,0.37,701.36,346.29,3TEL
2025-10-20T09:31:00Z,eth0,192.168.8.11,138.97.240.197,44965,Interativa Internet Telecom - São Paulo,14.9,2.98,503.89,178.04,3TEL
2025-10-20T09:36:24Z,eth0,192.168.8.11,138.97.240.197,47219,CTI - Diadema,2.57,0.18,759.62,309.97,3TEL
2025-10-20T09:42:54Z,eth0,192.168.8.11,138.97.240.197,27078,Mega Net Telecom Ltda - Diadema,2.66,0.15,661.71,304.19,3TEL
2025-10-20T10:12:30Z,eth0,192.168.8.11,138.97.240.197,31133,FORÇA E AÇÃO TELECOM - Diadema,2.98,0.36,705.62,303.96,3TEL
2025-10-20T10:24:24Z,eth0,192.168.8.11,138.97.240.197,31133,FORÇA E AÇÃO TELECOM - Diadema,2.9,0.16,698.31,303.66,3TEL
2025-10-20T10:30:28Z,eth0,192.168.8.11,138.97.240.197,31133,FORÇA E AÇÃO TELECOM - Diadema,6.62,0.39,302.55,181.97,3TEL
2025-10-20T10:36:59Z,eth0,192.168.8.11,138.97.240.197,31133,FORÇA E AÇÃO TELECOM - Diadema,2.96,0.79,702.96,303.53,3TEL
2025-10-20T10:42:22Z,eth0,192.168.8.11,138.97.240.197,47219,CTI - Diadema,2.55,0.58,823.74,307.87,3TEL
2025-10-20T11:01:03Z,eth0,192.168.8.11,138.97.240.197,63107,Global Web Telecom - Diadema,2.82,0.16,575.04,104.74,3TEL
2025-10-20T11:12:27Z,eth0,192.168.8.11,138.97.240.197,31133,FORÇA E AÇÃO TELECOM - Diadema,2.79,0.16,781.19,302.38,3TEL
2025-10-20T11:24:30Z,eth0,192.168.8.11,138.97.240.197,31133,FORÇA E AÇÃO TELECOM - Diadema,2.84,0.24,703.04,303.36,3TEL
2025-10-20T11:31:01Z,eth0,192.168.8.11,138.97.240.197,47219,CTI - Diadema,3.17,0.39,362.91,224.59,3TEL
2025-10-20T11:36:24Z,eth0,192.168.8.11,138.97.240.197,47219,CTI - Diadema,2.77,0.21,714.63,313.92,3TEL
2025-10-20T12:18:53Z,eth0,192.168.8.11,138.97.240.197,47219,CTI - Diadema,2.8,0.06,740.54,314.02,3TEL
2025-10-20T12:42:53Z,eth0,192.168.8.11,138.97.240.197,62495,Velosch Telecom - Diadema,3.25,0.39,741.93,303.01,3TEL
2025-10-20T13:00:55Z,eth0,192.168.8.11,138.97.240.197,27078,Mega Net Telecom Ltda - Diadema,2.69,0.17,627.07,282.44,3TEL
2025-10-20T13:18:21Z,eth0,192.168.8.11,138.97.240.197,31133,FORÇA E AÇÃO TELECOM - Diadema,2.74,0.13,727.59,295.28,3TEL
2025-10-20T13:24:25Z,eth0,192.168.8.11,138.97.240.197,47219,CTI - Diadema,2.2,0.17,682.6,328.36,3TEL
2025-10-20T13:30:32Z,eth0,192.168.8.11,138.97.240.197,47219,CTI - Diadema,2.76,0.05,435.72,188.45,3TEL
2025-10-20T13:36:24Z,eth0,192.168.8.11,138.97.240.197,21107,CLICK & NAVEGUE - Diadema,2.87,0.23,647.77,303.77,3TEL
2025-10-20T13:48:25Z,eth0,192.168.8.11,138.97.240.197,47219,CTI - Diadema,3.1,0.67,749.04,349.28,3TEL
2025-10-20T13:54:59Z,eth0,192.168.8.11,138.97.240.197,27078,Mega Net Telecom Ltda - Diadema,2.74,0.23,697.51,302.75,3TEL
2025-10-20T14:18:30Z,eth0,192.168.8.11,138.97.240.197,27078,Mega Net Telecom Ltda - Diadema,2.83,0.12,688.37,302.72,3TEL
2025-10-20T14:36:59Z,eth0,192.168.8.11,138.97.240.197,31133,FORÇA E AÇÃO TELECOM - Diadema,2.93,0.9,696.97,302.58,3TEL
2025-10-20T15:07:01Z,eth0,192.168.8.11,138.97.240.197,27078,Mega Net Telecom Ltda - Diadema,2.79,0.3,698.92,302.5,3TEL
2025-10-20T15:24:22Z,eth0,192.168.8.11,138.97.240.197,47219,CTI - Diadema,2.76,0.17,757.76,328.49,3TEL
2025-10-20T15:36:29Z,eth0,192.168.8.11,138.97.240.197,27078,Mega Net Telecom Ltda - Diadema,2.76,0.14,694.17,303.35,3TEL
2025-10-20T15:42:51Z,eth0,192.168.8.11,138.97.240.197,31133,FORÇA E AÇÃO TELECOM - Diadema,2.86,0.31,739.5,303.71,3TEL
2025-10-20T16:01:06Z,eth0,192.168.8.11,138.97.240.197,27078,Mega Net Telecom Ltda - Diadema,2.77,0.28,514.25,175.02,3TEL
2025-10-20T16:07:00Z,eth0,192.168.8.11,138.97.240.197,31133,FORÇA E AÇÃO TELECOM - Diadema,3.03,0.62,698.95,302.79,3TEL
2025-10-20T16:31:03Z,eth0,192.168.8.11,138.97.240.197,31133,FORÇA E AÇÃO TELECOM - Diadema,3.64,0.46,551.34,288.75,3TEL
2025-10-20T16:37:04Z,eth0,192.168.8.11,138.97.240.197,31133,FORÇA E AÇÃO TELECOM - Diadema,3.52,0.63,696.86,305.79,3TEL
2025-10-20T16:42:27Z,eth0,192.168.8.11,138.97.240.197,47219,CTI - Diadema,2.82,0.38,697.94,339.4,3TEL
2025-10-20T16:49:01Z,eth0,192.168.8.11,138.97.240.197,21107,CLICK & NAVEGUE - Diadema,3.62,0.55,709.52,331.29,3TEL
2025-10-20T16:54:51Z,eth0,192.168.8.11,138.97.240.197,62495,Velosch Telecom - Diadema,3.98,0.83,802.9,303.41,3TEL
2025-10-20T17:06:56Z,eth0,192.168.8.11,138.97.240.197,31133,FORÇA E AÇÃO TELECOM - Diadema,3.74,0.68,681.49,304.99,3TEL
