timestamp,ssd_used,ssd_free
2025-12-17T11:15:26Z,4.74,8.69
2025-12-17T11:15:26Z,0.07,0.43
2025-12-17T11:15:28Z,4.74,8.69
2025-12-17T11:15:28Z,0.07,0.43
2025-12-17T18:08:32Z,4.75,8.69
2025-12-17T18:08:32Z,0.07,0.43
2025-12-17T19:52:49Z,4.75,8.69
2025-12-17T19:52:49Z,0.07,0.43
2025-12-17T19:52:51Z,4.75,8.69
2025-12-17T19:52:51Z,0.07,0.43
2025-12-17T19:54:20Z,4.75,8.69
2025-12-17T19:54:20Z,0.07,0.43
2025-12-17T20:00:01Z,4.75,8.69
2025-12-17T20:00:01Z,0.07,0.43
2025-12-17T21:00:01Z,4.75,8.68
2025-12-17T21:00:01Z,0.07,0.43
2025-12-17T22:00:01Z,4.75,8.68
2025-12-17T22:00:01Z,0.07,0.43
2025-12-17T23:00:01Z,4.76,8.68
2025-12-17T23:00:01Z,0.07,0.43
2025-12-18T00:00:02Z,4.76,8.67
2025-12-18T00:00:02Z,0.07,0.43
2025-12-18T01:00:01Z,4.77,8.67
2025-12-18T01:00:01Z,0.07,0.43
2025-12-18T02:00:01Z,4.77,8.67
2025-12-18T02:00:01Z,0.07,0.43
2025-12-18T03:00:01Z,4.77,8.67
2025-12-18T03:00:01Z,0.07,0.43
2025-12-18T04:00:01Z,4.77,8.67
2025-12-18T04:00:01Z,0.07,0.43
2025-12-18T05:00:01Z,4.77,8.66
2025-12-18T05:00:01Z,0.07,0.43
2025-12-18T06:00:02Z,4.78,8.66
2025-12-18T06:00:02Z,0.07,0.43
2025-12-18T07:00:02Z,4.78,8.66
2025-12-18T07:00:02Z,0.07,0.43
2025-12-18T08:00:02Z,4.78,8.66
2025-12-18T08:00:02Z,0.07,0.43
2025-12-18T09:00:01Z,4.78,8.66
2025-12-18T09:00:01Z,0.07,0.43
2025-12-18T10:00:02Z,4.78,8.65
2025-12-18T10:00:02Z,0.07,0.43
2025-12-18T11:00:01Z,4.79,8.65
2025-12-18T11:00:01Z,0.07,0.43
2025-12-18T12:00:01Z,4.79,8.65
2025-12-18T12:00:01Z,0.07,0.43
2025-12-18T13:00:01Z,4.79,8.65
2025-12-18T13:00:01Z,0.07,0.43
2025-12-18T14:00:02Z,4.79,8.64
2025-12-18T14:00:02Z,0.07,0.43
2025-12-18T21:16:37Z,4.87,8.57
2025-12-18T21:16:37Z,0.07,0.43
2025-12-18T22:00:01Z,4.87,8.56
2025-12-18T22:00:01Z,0.07,0.43
2025-12-18T23:00:02Z,4.88,8.56
2025-12-18T23:00:02Z,0.07,0.43
2025-12-19T00:00:01Z,4.89,8.55
2025-12-19T00:00:01Z,0.07,0.43
2025-12-19T01:00:01Z,4.89,8.55
2025-12-19T01:00:01Z,0.07,0.43
2025-12-19T02:00:01Z,4.89,8.55
2025-12-19T02:00:01Z,0.07,0.43
2025-12-19T03:00:01Z,4.9,8.54
2025-12-19T03:00:01Z,0.07,0.43
2025-12-19T04:00:01Z,4.9,8.54
2025-12-19T04:00:01Z,0.07,0.43
2025-12-19T05:00:01Z,4.9,8.53
2025-12-19T05:00:01Z,0.07,0.43
2025-12-19T06:00:01Z,4.91,8.53
2025-12-19T06:00:01Z,0.07,0.43
2025-12-19T07:00:01Z,4.91,8.53
2025-12-19T07:00:01Z,0.07,0.43
2025-12-19T08:00:01Z,4.91,8.52
2025-12-19T08:00:01Z,0.07,0.43
2025-12-19T09:00:02Z,4.92,8.52
2025-12-19T09:00:02Z,0.07,0.43
2025-12-19T10:00:01Z,4.92,8.52
2025-12-19T10:00:01Z,0.07,0.43
2025-12-19T11:00:01Z,4.93,8.51
2025-12-19T11:00:01Z,0.07,0.43
2025-12-19T12:00:01Z,4.93,8.51
2025-12-19T12:00:01Z,0.07,0.43
2025-12-19T13:00:01Z,4.94,8.5
2025-12-19T13:00:01Z,0.07,0.43
2025-12-19T14:00:01Z,4.94,8.49
2025-12-19T14:00:01Z,0.07,0.43
2025-12-19T15:00:02Z,4.95,8.49
2025-12-19T15:00:02Z,0.07,0.43
2025-12-19T16:00:01Z,4.84,8.59
2025-12-19T16:00:01Z,0.07,0.43
2025-12-19T17:00:02Z,4.85,8.59
2025-12-19T17:00:02Z,0.07,0.43
2025-12-19T18:00:02Z,4.86,8.58
2025-12-19T18:00:02Z,0.07,0.43
2025-12-19T19:00:01Z,4.86,8.57
2025-12-19T19:00:01Z,0.07,0.43
2025-12-19T20:00:01Z,4.87,8.57
2025-12-19T20:00:01Z,0.07,0.43
2025-12-19T21:00:01Z,4.87,8.57
2025-12-19T21:00:01Z,0.07,0.43
2025-12-19T22:00:01Z,4.88,8.56
2025-12-19T22:00:01Z,0.07,0.43
2025-12-19T23:00:01Z,4.88,8.56
2025-12-19T23:00:01Z,0.07,0.43
2025-12-20T00:00:01Z,4.89,8.55
2025-12-20T00:00:01Z,0.07,0.43
2025-12-20T01:00:01Z,4.89,8.55
2025-12-20T01:00:01Z,0.07,0.43
2025-12-20T02:00:02Z,4.89,8.54
2025-12-20T02:00:02Z,0.07,0.43
2025-12-20T03:00:01Z,4.9,8.54
2025-12-20T03:00:01Z,0.07,0.43
2025-12-20T04:00:02Z,4.9,8.53
2025-12-20T04:00:02Z,0.07,0.43
2025-12-20T05:00:01Z,4.91,8.53
2025-12-20T05:00:01Z,0.07,0.43
2025-12-20T06:00:01Z,4.91,8.52
2025-12-20T06:00:01Z,0.07,0.43
2025-12-20T07:00:01Z,4.92,8.52
2025-12-20T07:00:01Z,0.07,0.43
2025-12-20T08:00:01Z,4.92,8.51
2025-12-20T08:00:01Z,0.07,0.43
2025-12-20T09:00:02Z,4.93,8.51
2025-12-20T09:00:02Z,0.07,0.43
2025-12-20T10:00:02Z,4.93,8.5
2025-12-20T10:00:02Z,0.07,0.43
2025-12-20T11:00:01Z,4.94,8.5
2025-12-20T11:00:01Z,0.07,0.43
2025-12-20T12:00:01Z,4.94,8.49
2025-12-20T12:00:01Z,0.07,0.43
2025-12-20T13:00:01Z,4.95,8.49
2025-12-20T13:00:01Z,0.07,0.43
2025-12-20T14:00:01Z,4.95,8.48
2025-12-20T14:00:01Z,0.07,0.43
2025-12-20T15:00:01Z,4.96,8.48
2025-12-20T15:00:01Z,0.07,0.43
2025-12-20T16:00:01Z,4.97,8.47
2025-12-20T16:00:01Z,0.07,0.43
2025-12-20T17:00:01Z,4.86,8.58
2025-12-20T17:00:01Z,0.07,0.43
2025-12-20T18:00:01Z,4.86,8.58
2025-12-20T18:00:01Z,0.07,0.43
2025-12-20T19:00:02Z,4.87,8.57
2025-12-20T19:00:02Z,0.07,0.43
2025-12-20T20:00:01Z,4.87,8.56
2025-12-20T20:00:01Z,0.07,0.43
2025-12-20T21:00:02Z,4.88,8.56
2025-12-20T21:00:02Z,0.07,0.43
2025-12-20T22:00:01Z,4.88,8.55
2025-12-20T22:00:01Z,0.07,0.43
2025-12-20T23:00:02Z,4.89,8.55
2025-12-20T23:00:02Z,0.07,0.43
2025-12-21T00:00:01Z,4.9,8.54
2025-12-21T00:00:01Z,0.07,0.43
2025-12-21T01:00:01Z,4.9,8.54
2025-12-21T01:00:01Z,0.07,0.43
2025-12-21T02:00:01Z,4.91,8.53
2025-12-21T02:00:01Z,0.07,0.43
2025-12-21T03:00:01Z,4.91,8.52
2025-12-21T03:00:01Z,0.07,0.43
2025-12-21T04:00:01Z,4.92,8.52
2025-12-21T04:00:01Z,0.07,0.43
2025-12-21T05:00:01Z,4.92,8.52
2025-12-21T05:00:01Z,0.07,0.43
2025-12-21T06:00:01Z,4.93,8.51
2025-12-21T06:00:01Z,0.07,0.43
2025-12-21T07:00:02Z,4.93,8.5
2025-12-21T07:00:02Z,0.07,0.43
2025-12-21T08:00:01Z,4.94,8.5
2025-12-21T08:00:01Z,0.07,0.43
2025-12-21T09:00:02Z,4.95,8.49
2025-12-21T09:00:02Z,0.07,0.43
2025-12-21T10:00:01Z,4.95,8.49
2025-12-21T10:00:01Z,0.07,0.43
2025-12-21T11:00:01Z,4.96,8.48
2025-12-21T11:00:01Z,0.07,0.43
2025-12-21T12:00:01Z,4.97,8.47
2025-12-21T12:00:01Z,0.07,0.43
2025-12-21T13:00:01Z,4.97,8.47
2025-12-21T13:00:01Z,0.07,0.43
2025-12-21T14:00:02Z,4.98,8.46
2025-12-21T14:00:02Z,0.07,0.43
2025-12-21T15:00:01Z,4.98,8.45
2025-12-21T15:00:01Z,0.07,0.43
2025-12-21T16:00:01Z,4.99,8.45
2025-12-21T16:00:01Z,0.07,0.43
2025-12-21T17:00:01Z,5.0,8.44
2025-12-21T17:00:01Z,0.07,0.43
2025-12-21T18:00:01Z,5.0,8.43
2025-12-21T18:00:01Z,0.07,0.43
2025-12-21T19:00:01Z,5.01,8.43
2025-12-21T19:00:01Z,0.07,0.43
2025-12-21T20:00:02Z,5.02,8.42
2025-12-21T20:00:02Z,0.07,0.43
2025-12-21T21:00:02Z,4.85,8.58
2025-12-21T21:00:02Z,0.07,0.43
2025-12-21T22:00:01Z,4.86,8.58
2025-12-21T22:00:01Z,0.07,0.43
2025-12-21T23:00:01Z,4.87,8.57
2025-12-21T23:00:01Z,0.07,0.43
2025-12-22T00:00:02Z,4.88,8.56
2025-12-22T00:00:02Z,0.07,0.43
2025-12-22T01:00:01Z,4.88,8.56
2025-12-22T01:00:01Z,0.07,0.43
2025-12-22T02:00:02Z,4.89,8.55
2025-12-22T02:00:02Z,0.07,0.43
2025-12-22T04:00:02Z,4.9,8.54
2025-12-22T04:00:02Z,0.07,0.43
2025-12-22T05:00:02Z,4.91,8.53
2025-12-22T05:00:02Z,0.07,0.43
2025-12-22T06:00:02Z,4.92,8.52
2025-12-22T06:00:02Z,0.07,0.43
2025-12-22T07:00:01Z,4.92,8.52
2025-12-22T07:00:01Z,0.07,0.43
2025-12-22T08:00:02Z,4.93,8.51
2025-12-22T08:00:02Z,0.07,0.43
2025-12-22T09:00:01Z,4.94,8.5
2025-12-22T09:00:01Z,0.07,0.43
2025-12-22T10:00:02Z,4.94,8.49
2025-12-22T10:00:02Z,0.07,0.43
2025-12-22T11:00:02Z,5.22,8.21
2025-12-22T11:00:02Z,0.07,0.43
2025-12-22T12:00:01Z,5.23,8.21
2025-12-22T12:00:01Z,0.07,0.43
2025-12-22T13:00:01Z,5.24,8.2
2025-12-22T13:00:01Z,0.07,0.43
2025-12-22T14:00:01Z,5.25,8.19
2025-12-22T14:00:01Z,0.07,0.43
2025-12-22T15:00:01Z,5.26,8.18
2025-12-22T15:00:01Z,0.07,0.43
2025-12-22T16:00:01Z,5.26,8.17
2025-12-22T16:00:01Z,0.07,0.43
2025-12-22T17:00:01Z,5.27,8.17
2025-12-22T17:00:01Z,0.07,0.43
2025-12-22T18:00:01Z,5.28,8.16
2025-12-22T18:00:01Z,0.07,0.43
2025-12-22T19:00:01Z,5.28,8.16
2025-12-22T19:00:01Z,0.07,0.43
2025-12-22T20:00:02Z,5.29,8.15
2025-12-22T20:00:02Z,0.07,0.43
2025-12-22T21:00:02Z,5.3,8.14
2025-12-22T21:00:02Z,0.07,0.43
2025-12-22T22:00:02Z,5.31,8.13
2025-12-22T22:00:02Z,0.07,0.43
2025-12-22T23:00:01Z,5.31,8.12
2025-12-22T23:00:01Z,0.07,0.43
2025-12-23T00:00:02Z,5.31,8.12
2025-12-23T00:00:02Z,0.07,0.43
2025-12-23T01:00:02Z,5.31,8.12
2025-12-23T01:00:02Z,0.07,0.43
2025-12-23T02:00:01Z,5.31,8.12
2025-12-23T02:00:01Z,0.07,0.43
2025-12-23T03:00:01Z,5.31,8.12
2025-12-23T03:00:01Z,0.07,0.43
2025-12-23T04:00:01Z,5.31,8.12
2025-12-23T04:00:01Z,0.07,0.43
2025-12-23T05:00:01Z,5.32,8.12
2025-12-23T05:00:01Z,0.07,0.43
2025-12-23T06:00:01Z,5.32,8.12
2025-12-23T06:00:01Z,0.07,0.43
2025-12-23T07:00:01Z,5.32,8.12
2025-12-23T07:00:01Z,0.07,0.43
2025-12-23T08:00:01Z,5.32,8.12
2025-12-23T08:00:01Z,0.07,0.43
2025-12-23T09:00:02Z,5.32,8.12
2025-12-23T09:00:02Z,0.07,0.43
2025-12-23T10:00:02Z,5.32,8.12
2025-12-23T10:00:02Z,0.07,0.43
2025-12-23T11:00:01Z,5.32,8.12
2025-12-23T11:00:01Z,0.07,0.43
2025-12-23T12:00:01Z,5.32,8.11
2025-12-23T12:00:01Z,0.07,0.43
2025-12-23T13:00:02Z,5.33,8.1
2025-12-23T13:00:02Z,0.07,0.43
2025-12-23T14:00:01Z,5.34,8.1
2025-12-23T14:00:01Z,0.07,0.43
2025-12-23T15:00:01Z,5.17,8.26
2025-12-23T15:00:01Z,0.07,0.43
2025-12-23T16:00:02Z,5.19,8.25
2025-12-23T16:00:02Z,0.07,0.43
2025-12-23T17:00:01Z,5.21,8.23
2025-12-23T17:00:01Z,0.07,0.43
2025-12-23T18:00:01Z,5.22,8.22
2025-12-23T18:00:01Z,0.07,0.43
2025-12-23T19:00:01Z,5.23,8.21
2025-12-23T19:00:01Z,0.07,0.43
2025-12-23T20:00:01Z,5.25,8.19
2025-12-23T20:00:01Z,0.07,0.43
2025-12-23T21:00:01Z,5.26,8.18
2025-12-23T21:00:01Z,0.07,0.43
2025-12-23T22:00:01Z,5.26,8.17
2025-12-23T22:00:01Z,0.07,0.43
2025-12-23T23:00:02Z,5.27,8.16
2025-12-23T23:00:02Z,0.07,0.43
2025-12-24T00:00:01Z,5.28,8.16
2025-12-24T00:00:01Z,0.07,0.43
2025-12-24T01:00:02Z,5.29,8.15
2025-12-24T01:00:02Z,0.07,0.43
2025-12-24T02:00:01Z,5.3,8.14
2025-12-24T02:00:01Z,0.07,0.43
2025-12-24T03:00:01Z,5.3,8.13
2025-12-24T03:00:01Z,0.07,0.43
2025-12-24T04:00:01Z,5.31,8.13
2025-12-24T04:00:01Z,0.07,0.43
2025-12-24T05:00:01Z,5.31,8.12
2025-12-24T05:00:01Z,0.07,0.43
2025-12-24T06:00:01Z,5.32,8.12
2025-12-24T06:00:01Z,0.07,0.43
2025-12-24T07:00:01Z,5.33,8.11
2025-12-24T07:00:01Z,0.07,0.43
2025-12-24T08:00:01Z,5.34,8.1
2025-12-24T08:00:01Z,0.07,0.43
2025-12-24T09:00:01Z,5.35,8.09
2025-12-24T09:00:01Z,0.07,0.43
2025-12-24T10:00:01Z,5.35,8.08
2025-12-24T10:00:01Z,0.07,0.43
2025-12-24T11:00:02Z,5.36,8.08
2025-12-24T11:00:02Z,0.07,0.43
2025-12-24T12:00:02Z,5.37,8.07
2025-12-24T12:00:02Z,0.07,0.43
2025-12-24T13:00:02Z,5.38,8.06
2025-12-24T13:00:02Z,0.07,0.43
2025-12-24T14:00:01Z,5.39,8.05
2025-12-24T14:00:01Z,0.07,0.43
2025-12-24T15:00:01Z,5.39,8.04
2025-12-24T15:00:01Z,0.07,0.43
2025-12-24T16:00:02Z,5.4,8.03
2025-12-24T16:00:02Z,0.07,0.43
2025-12-24T17:00:02Z,5.41,8.03
2025-12-24T17:00:02Z,0.07,0.43
2025-12-24T18:00:02Z,5.42,8.02
2025-12-24T18:00:02Z,0.07,0.43
2025-12-24T19:00:02Z,5.43,8.01
2025-12-24T19:00:02Z,0.07,0.43
2025-12-24T20:00:02Z,5.44,8.0
2025-12-24T20:00:02Z,0.07,0.43
2025-12-24T21:00:01Z,5.45,7.99
2025-12-24T21:00:01Z,0.07,0.43
2025-12-24T22:00:01Z,5.45,7.98
2025-12-24T22:00:01Z,0.07,0.43
2025-12-24T23:00:01Z,5.46,7.97
2025-12-24T23:00:01Z,0.07,0.43
2025-12-25T00:00:01Z,5.22,8.22
2025-12-25T00:00:01Z,0.07,0.43
2025-12-25T01:00:01Z,5.22,8.21
2025-12-25T01:00:01Z,0.07,0.43
2025-12-25T02:00:01Z,5.23,8.2
2025-12-25T02:00:01Z,0.07,0.43
2025-12-25T03:00:02Z,5.24,8.19
2025-12-25T03:00:02Z,0.07,0.43
2025-12-25T04:00:01Z,5.24,8.2
2025-12-25T04:00:01Z,0.07,0.43
2025-12-25T05:00:01Z,5.25,8.19
2025-12-25T05:00:01Z,0.07,0.43
2025-12-25T06:00:01Z,5.26,8.18
2025-12-25T06:00:01Z,0.07,0.43
2025-12-25T07:00:02Z,5.27,8.17
2025-12-25T07:00:02Z,0.07,0.43
2025-12-25T08:00:01Z,5.28,8.16
2025-12-25T08:00:01Z,0.07,0.43
2025-12-25T09:00:02Z,5.28,8.15
2025-12-25T09:00:02Z,0.07,0.43
2025-12-25T10:00:01Z,5.29,8.14
2025-12-25T10:00:01Z,0.07,0.43
2025-12-25T11:00:01Z,5.3,8.13
2025-12-25T11:00:01Z,0.07,0.43
2025-12-25T12:00:02Z,5.31,8.12
2025-12-25T12:00:02Z,0.07,0.43
2025-12-25T13:00:01Z,5.32,8.12
2025-12-25T13:00:01Z,0.07,0.43
2025-12-25T14:00:01Z,5.33,8.11
2025-12-25T14:00:01Z,0.07,0.43
2025-12-25T15:00:02Z,5.34,8.1
2025-12-25T15:00:02Z,0.07,0.43
2025-12-25T16:00:01Z,5.35,8.09
2025-12-25T16:00:01Z,0.07,0.43
2025-12-25T17:00:01Z,5.36,8.08
2025-12-25T17:00:01Z,0.07,0.43
2025-12-25T18:00:01Z,5.37,8.07
2025-12-25T18:00:01Z,0.07,0.43
2025-12-25T19:00:01Z,5.38,8.06
2025-12-25T19:00:01Z,0.07,0.43
2025-12-25T20:00:01Z,5.39,8.05
2025-12-25T20:00:01Z,0.07,0.43
2025-12-25T21:00:01Z,5.4,8.04
2025-12-25T21:00:01Z,0.07,0.43
2025-12-25T22:00:01Z,5.41,8.03
2025-12-25T22:00:01Z,0.07,0.43
2025-12-25T23:00:01Z,5.42,8.02
2025-12-25T23:00:01Z,0.07,0.43
2025-12-26T00:00:01Z,5.43,8.01
2025-12-26T00:00:01Z,0.07,0.43
2025-12-26T01:00:01Z,5.44,8.0
2025-12-26T01:00:01Z,0.07,0.43
2025-12-26T02:00:01Z,5.21,8.23
2025-12-26T02:00:01Z,0.07,0.43
2025-12-26T03:00:01Z,5.22,8.22
2025-12-26T03:00:01Z,0.07,0.43
2025-12-26T04:00:01Z,5.21,8.23
2025-12-26T04:00:01Z,0.07,0.43
2025-12-26T05:00:02Z,5.22,8.22
2025-12-26T05:00:02Z,0.07,0.43
2025-12-26T06:00:01Z,5.23,8.21
2025-12-26T06:00:01Z,0.07,0.43
2025-12-26T07:00:01Z,5.24,8.2
2025-12-26T07:00:01Z,0.07,0.43
2025-12-26T08:00:01Z,5.25,8.19
2025-12-26T08:00:01Z,0.07,0.43
2025-12-26T09:00:01Z,5.26,8.18
2025-12-26T09:00:01Z,0.07,0.43
2025-12-26T10:00:01Z,5.27,8.17
2025-12-26T10:00:01Z,0.07,0.43
2025-12-26T11:00:01Z,5.28,8.16
2025-12-26T11:00:01Z,0.07,0.43
2025-12-26T12:00:01Z,5.29,8.15
2025-12-26T12:00:01Z,0.07,0.43
2025-12-26T13:00:01Z,5.3,8.14
2025-12-26T13:00:01Z,0.07,0.43
2025-12-26T14:00:01Z,5.31,8.12
2025-12-26T14:00:01Z,0.07,0.43
2025-12-26T15:00:01Z,5.32,8.11
2025-12-26T15:00:01Z,0.07,0.43
2025-12-26T16:00:01Z,5.34,8.1
2025-12-26T16:00:01Z,0.07,0.43
2025-12-29T15:00:01Z,5.34,8.09
2025-12-29T15:00:01Z,0.07,0.43
2025-12-29T16:00:01Z,5.35,8.08
2025-12-29T16:00:01Z,0.07,0.43
2025-12-29T17:00:01Z,5.37,8.07
2025-12-29T17:00:01Z,0.07,0.43
2025-12-29T18:00:02Z,5.38,8.06
2025-12-29T18:00:02Z,0.07,0.43
2025-12-29T19:00:01Z,5.39,8.05
2025-12-29T19:00:01Z,0.07,0.43
2025-12-29T20:00:02Z,5.4,8.04
2025-12-29T20:00:02Z,0.07,0.43
2025-12-29T21:00:01Z,5.41,8.03
2025-12-29T21:00:01Z,0.07,0.43
2025-12-29T22:00:01Z,5.42,8.01
2025-12-29T22:00:01Z,0.07,0.43
2025-12-29T23:00:02Z,5.44,8.0
2025-12-29T23:00:02Z,0.07,0.43
2025-12-30T00:00:02Z,5.45,7.99
2025-12-30T00:00:02Z,0.07,0.43
2025-12-30T01:00:01Z,5.46,7.97
2025-12-30T01:00:01Z,0.07,0.43
2025-12-30T02:00:01Z,5.48,7.96
2025-12-30T02:00:01Z,0.07,0.43
2025-12-30T03:00:02Z,5.49,7.95
2025-12-30T03:00:02Z,0.07,0.43
2025-12-30T04:00:01Z,5.45,7.98
2025-12-30T04:00:01Z,0.07,0.43
2025-12-30T05:00:02Z,5.47,7.97
2025-12-30T05:00:02Z,0.07,0.43
2025-12-30T06:00:01Z,5.48,7.96
2025-12-30T06:00:01Z,0.07,0.43
2025-12-30T07:00:02Z,5.49,7.95
2025-12-30T07:00:02Z,0.07,0.43
2025-12-30T08:00:02Z,5.5,7.93
2025-12-30T08:00:02Z,0.07,0.43
2025-12-30T09:00:02Z,5.52,7.92
2025-12-30T09:00:02Z,0.07,0.43
2025-12-30T10:00:01Z,5.53,7.91
2025-12-30T10:00:01Z,0.07,0.43
2025-12-30T11:00:01Z,5.54,7.9
2025-12-30T11:00:01Z,0.07,0.43
2025-12-30T12:00:02Z,5.15,8.29
2025-12-30T12:00:02Z,0.07,0.43
2025-12-30T13:00:01Z,5.16,8.28
2025-12-30T13:00:01Z,0.07,0.43
2025-12-30T14:00:01Z,5.17,8.27
2025-12-30T14:00:01Z,0.07,0.43
2025-12-30T15:00:01Z,5.16,8.27
2025-12-30T15:00:01Z,0.07,0.43
2025-12-30T16:00:02Z,5.18,8.26
2025-12-30T16:00:02Z,0.07,0.43
2025-12-30T17:00:01Z,5.19,8.25
2025-12-30T17:00:01Z,0.07,0.43
2025-12-30T18:00:01Z,5.2,8.23
2025-12-30T18:00:01Z,0.07,0.43
2025-12-30T19:00:02Z,5.23,8.21
2025-12-30T19:00:02Z,0.07,0.43
2025-12-30T20:00:02Z,5.25,8.19
2025-12-30T20:00:02Z,0.07,0.43
2025-12-30T21:00:01Z,5.27,8.17
2025-12-30T21:00:01Z,0.07,0.43
2025-12-30T22:00:01Z,5.28,8.16
2025-12-30T22:00:01Z,0.07,0.43
2025-12-30T23:00:02Z,5.29,8.14
2025-12-30T23:00:02Z,0.07,0.43
2025-12-31T00:00:02Z,5.31,8.13
2025-12-31T00:00:02Z,0.07,0.43
2025-12-31T01:00:02Z,5.32,8.12
2025-12-31T01:00:02Z,0.07,0.43
2025-12-31T02:00:02Z,5.34,8.1
2025-12-31T02:00:02Z,0.07,0.43
2025-12-31T03:00:01Z,5.35,8.09
2025-12-31T03:00:01Z,0.07,0.43
2025-12-31T04:00:01Z,5.31,8.13
2025-12-31T04:00:01Z,0.07,0.43
2025-12-31T05:00:02Z,5.32,8.12
2025-12-31T05:00:02Z,0.07,0.43
2025-12-31T06:00:01Z,5.33,8.1
2025-12-31T06:00:01Z,0.07,0.43
2025-12-31T07:00:02Z,5.35,8.09
2025-12-31T07:00:02Z,0.07,0.43
2025-12-31T08:00:02Z,5.36,8.08
2025-12-31T08:00:02Z,0.07,0.43
2025-12-31T09:00:01Z,5.38,8.06
2025-12-31T09:00:01Z,0.07,0.43
2025-12-31T10:00:01Z,5.39,8.05
2025-12-31T10:00:01Z,0.07,0.43
2025-12-31T11:00:01Z,5.4,8.03
2025-12-31T11:00:01Z,0.07,0.43
2025-12-31T12:00:02Z,5.42,8.02
2025-12-31T12:00:02Z,0.07,0.43
2025-12-31T13:00:02Z,5.43,8.0
2025-12-31T13:00:02Z,0.07,0.43
2025-12-31T14:00:02Z,5.45,7.99
2025-12-31T14:00:02Z,0.07,0.43
2025-12-31T15:00:01Z,5.46,7.98
2025-12-31T15:00:01Z,0.07,0.43
2025-12-31T16:00:02Z,5.48,7.96
2025-12-31T16:00:02Z,0.07,0.43
2025-12-31T17:00:02Z,5.49,7.95
2025-12-31T17:00:02Z,0.07,0.43
2025-12-31T18:00:01Z,5.49,7.95
2025-12-31T18:00:01Z,0.07,0.43
2025-12-31T19:00:02Z,5.49,7.95
2025-12-31T19:00:02Z,0.07,0.43
2025-12-31T20:00:02Z,5.49,7.94
2025-12-31T20:00:02Z,0.07,0.43
2025-12-31T21:00:02Z,5.49,7.94
2025-12-31T21:00:02Z,0.07,0.43
2025-12-31T22:00:02Z,5.1,8.34
2025-12-31T22:00:02Z,0.07,0.43
2025-12-31T23:00:01Z,5.1,8.34
2025-12-31T23:00:01Z,0.07,0.43
2026-01-01T00:00:01Z,5.1,8.33
2026-01-01T00:00:01Z,0.07,0.43
2026-01-01T01:00:02Z,5.1,8.33
2026-01-01T01:00:02Z,0.07,0.43
2026-01-01T02:00:01Z,5.11,8.33
2026-01-01T02:00:01Z,0.07,0.43
2026-01-01T03:00:01Z,5.11,8.33
2026-01-01T03:00:01Z,0.07,0.43
2026-01-01T04:00:01Z,5.11,8.33
2026-01-01T04:00:01Z,0.07,0.43
2026-01-01T05:00:02Z,5.11,8.33
2026-01-01T05:00:02Z,0.07,0.43
2026-01-01T06:00:01Z,5.11,8.33
2026-01-01T06:00:01Z,0.07,0.43
2026-01-01T07:00:02Z,5.11,8.32
2026-01-01T07:00:02Z,0.07,0.43
2026-01-01T08:00:02Z,5.11,8.32
2026-01-01T08:00:02Z,0.07,0.43
2026-01-01T09:00:02Z,5.12,8.32
2026-01-01T09:00:02Z,0.07,0.43
2026-01-01T10:00:01Z,5.12,8.32
2026-01-01T10:00:01Z,0.07,0.43
2026-01-01T11:00:01Z,5.12,8.32
2026-01-01T11:00:01Z,0.07,0.43
2026-01-01T12:00:01Z,5.12,8.31
2026-01-01T12:00:01Z,0.07,0.43
2026-01-01T13:00:02Z,5.13,8.31
2026-01-01T13:00:02Z,0.07,0.43
2026-01-01T14:00:02Z,5.13,8.31
2026-01-01T14:00:02Z,0.07,0.43
2026-01-01T15:00:02Z,5.13,8.31
2026-01-01T15:00:02Z,0.07,0.43
2026-01-01T16:00:01Z,5.13,8.3
2026-01-01T16:00:01Z,0.07,0.43
2026-01-01T17:00:01Z,5.14,8.3
2026-01-01T17:00:01Z,0.07,0.43
2026-01-01T18:00:02Z,5.14,8.3
2026-01-01T18:00:02Z,0.07,0.43
2026-01-01T19:00:01Z,5.1,8.34
2026-01-01T19:00:01Z,0.07,0.43
2026-01-01T20:00:01Z,5.1,8.34
2026-01-01T20:00:01Z,0.07,0.43
2026-01-01T21:00:01Z,5.1,8.33
2026-01-01T21:00:01Z,0.07,0.43
2026-01-01T22:00:01Z,5.11,8.33
2026-01-01T22:00:01Z,0.07,0.43
2026-01-01T23:00:02Z,5.11,8.33
2026-01-01T23:00:02Z,0.07,0.43
2026-01-02T00:00:02Z,5.11,8.32
2026-01-02T00:00:02Z,0.07,0.43
2026-01-02T01:00:01Z,5.12,8.32
2026-01-02T01:00:01Z,0.07,0.43
2026-01-02T02:00:01Z,5.12,8.32
2026-01-02T02:00:01Z,0.07,0.43
2026-01-02T03:00:02Z,5.12,8.31
2026-01-02T03:00:02Z,0.07,0.43
2026-01-02T04:00:02Z,5.13,8.31
2026-01-02T04:00:02Z,0.07,0.43
2026-01-02T05:00:02Z,5.13,8.31
2026-01-02T05:00:02Z,0.07,0.43
2026-01-02T06:00:02Z,5.13,8.31
2026-01-02T06:00:02Z,0.07,0.43
2026-01-02T07:00:01Z,5.14,8.3
2026-01-02T07:00:01Z,0.07,0.43
2026-01-02T08:00:01Z,5.14,8.3
2026-01-02T08:00:01Z,0.07,0.43
2026-01-02T09:00:02Z,5.14,8.29
2026-01-02T09:00:02Z,0.07,0.43
2026-01-02T10:00:02Z,5.15,8.29
2026-01-02T10:00:02Z,0.07,0.43
2026-01-02T11:00:02Z,5.15,8.29
2026-01-02T11:00:02Z,0.07,0.43
2026-01-02T12:00:02Z,5.15,8.28
2026-01-02T12:00:02Z,0.07,0.43
2026-01-02T13:00:01Z,5.16,8.28
2026-01-02T13:00:01Z,0.07,0.43
2026-01-02T14:00:01Z,5.16,8.28
2026-01-02T14:00:01Z,0.07,0.43
2026-01-02T15:00:01Z,5.17,8.27
2026-01-02T15:00:01Z,0.07,0.43
2026-01-02T16:00:02Z,5.17,8.27
2026-01-02T16:00:02Z,0.07,0.43
2026-01-02T17:00:01Z,5.17,8.27
2026-01-02T17:00:01Z,0.07,0.43
2026-01-02T18:00:01Z,5.17,8.27
2026-01-02T18:00:01Z,0.07,0.43
2026-01-02T19:00:01Z,5.17,8.27
2026-01-02T19:00:01Z,0.07,0.43
2026-01-02T20:00:02Z,5.17,8.27
2026-01-02T20:00:02Z,0.07,0.43
2026-01-02T21:00:02Z,5.17,8.27
2026-01-02T21:00:02Z,0.07,0.43
2026-01-02T22:00:02Z,5.17,8.27
2026-01-02T22:00:02Z,0.07,0.43
2026-01-02T23:00:01Z,5.09,8.35
2026-01-02T23:00:01Z,0.07,0.43
2026-01-03T00:00:02Z,5.09,8.34
2026-01-03T00:00:02Z,0.07,0.43
2026-01-03T01:00:01Z,5.1,8.34
2026-01-03T01:00:01Z,0.07,0.43
2026-01-03T02:00:01Z,5.11,8.33
2026-01-03T02:00:01Z,0.07,0.43
2026-01-03T03:00:01Z,5.11,8.32
2026-01-03T03:00:01Z,0.07,0.43
2026-01-03T04:00:01Z,5.12,8.32
2026-01-03T04:00:01Z,0.07,0.43
2026-01-03T05:00:01Z,5.12,8.31
2026-01-03T05:00:01Z,0.07,0.43
2026-01-03T06:00:02Z,5.13,8.31
2026-01-03T06:00:02Z,0.07,0.43
2026-01-03T07:00:01Z,5.13,8.3
2026-01-03T07:00:01Z,0.07,0.43
2026-01-03T08:00:02Z,5.14,8.3
2026-01-03T08:00:02Z,0.07,0.43
2026-01-03T09:00:01Z,5.14,8.3
2026-01-03T09:00:01Z,0.07,0.43
2026-01-03T10:00:01Z,5.15,8.29
2026-01-03T10:00:01Z,0.07,0.43
2026-01-03T11:00:01Z,5.15,8.29
2026-01-03T11:00:01Z,0.07,0.43
2026-01-03T12:00:01Z,5.16,8.28
2026-01-03T12:00:01Z,0.07,0.43
2026-01-03T13:00:01Z,5.16,8.28
2026-01-03T13:00:01Z,0.07,0.43
2026-01-03T14:00:01Z,5.17,8.27
2026-01-03T14:00:01Z,0.07,0.43
2026-01-03T15:00:02Z,5.17,8.27
2026-01-03T15:00:02Z,0.07,0.43
2026-01-03T16:00:01Z,5.18,8.26
2026-01-03T16:00:01Z,0.07,0.43
2026-01-03T17:00:02Z,5.18,8.25
2026-01-03T17:00:02Z,0.07,0.43
2026-01-03T18:00:02Z,5.19,8.25
2026-01-03T18:00:02Z,0.07,0.43
2026-01-03T19:00:01Z,5.19,8.24
2026-01-03T19:00:01Z,0.07,0.43
2026-01-03T20:00:01Z,5.2,8.24
2026-01-03T20:00:01Z,0.07,0.43
2026-01-03T21:00:01Z,5.2,8.23
2026-01-03T21:00:01Z,0.07,0.43
2026-01-03T22:00:01Z,5.21,8.23
2026-01-03T22:00:01Z,0.07,0.43
2026-01-03T23:00:01Z,5.22,8.22
2026-01-03T23:00:01Z,0.07,0.43
2026-01-04T00:00:01Z,5.22,8.22
2026-01-04T00:00:01Z,0.07,0.43
2026-01-04T01:00:01Z,5.23,8.21
2026-01-04T01:00:01Z,0.07,0.43
2026-01-04T02:00:02Z,5.23,8.2
2026-01-04T02:00:02Z,0.07,0.43
2026-01-04T03:00:02Z,5.24,8.2
2026-01-04T03:00:02Z,0.07,0.43
2026-01-04T04:00:01Z,5.24,8.19
2026-01-04T04:00:01Z,0.07,0.43
2026-01-04T05:00:01Z,5.1,8.34
2026-01-04T05:00:01Z,0.07,0.43
2026-01-04T06:00:02Z,5.1,8.33
2026-01-04T06:00:02Z,0.07,0.43
2026-01-04T07:00:01Z,5.11,8.33
2026-01-04T07:00:01Z,0.07,0.43
2026-01-04T08:00:02Z,5.12,8.32
2026-01-04T08:00:02Z,0.07,0.43
2026-01-04T09:00:01Z,5.12,8.31
2026-01-04T09:00:01Z,0.07,0.43
2026-01-04T10:00:01Z,5.13,8.31
2026-01-04T10:00:01Z,0.07,0.43
2026-01-04T11:00:01Z,5.14,8.3
2026-01-04T11:00:01Z,0.07,0.43
2026-01-04T12:00:02Z,5.14,8.3
2026-01-04T12:00:02Z,0.07,0.43
2026-01-04T13:00:02Z,5.15,8.29
2026-01-04T13:00:02Z,0.07,0.43
2026-01-04T14:00:02Z,5.16,8.28
2026-01-04T14:00:02Z,0.07,0.43
2026-01-04T15:00:02Z,5.16,8.28
2026-01-04T15:00:02Z,0.07,0.43
2026-01-04T16:00:01Z,5.17,8.27
2026-01-04T16:00:01Z,0.07,0.43
2026-01-04T17:00:01Z,5.18,8.26
2026-01-04T17:00:01Z,0.07,0.43
2026-01-04T18:00:01Z,5.18,8.26
2026-01-04T18:00:01Z,0.07,0.43
2026-01-04T19:00:02Z,5.19,8.25
2026-01-04T19:00:02Z,0.07,0.43
2026-01-04T20:00:02Z,5.2,8.24
2026-01-04T20:00:02Z,0.07,0.43
2026-01-04T21:00:01Z,5.2,8.23
2026-01-04T21:00:01Z,0.07,0.43
2026-01-04T22:00:02Z,5.21,8.23
2026-01-04T22:00:02Z,0.07,0.43
2026-01-04T23:00:01Z,5.22,8.22
2026-01-04T23:00:01Z,0.07,0.43
2026-01-05T00:00:01Z,5.22,8.21
2026-01-05T00:00:01Z,0.07,0.43
2026-01-05T01:00:01Z,5.23,8.21
2026-01-05T01:00:01Z,0.07,0.43
2026-01-05T02:00:02Z,5.24,8.2
2026-01-05T02:00:02Z,0.07,0.43
2026-01-05T03:00:02Z,5.25,8.19
2026-01-05T03:00:02Z,0.07,0.43
2026-01-05T04:00:02Z,5.25,8.18
2026-01-05T04:00:02Z,0.07,0.43
2026-01-05T05:00:02Z,5.26,8.18
2026-01-05T05:00:02Z,0.07,0.43
2026-01-05T06:00:02Z,5.27,8.17
2026-01-05T06:00:02Z,0.07,0.43
2026-01-05T07:00:01Z,5.1,8.34
2026-01-05T07:00:01Z,0.07,0.43
2026-01-05T08:00:01Z,5.11,8.33
2026-01-05T08:00:01Z,0.07,0.43
2026-01-05T09:00:02Z,5.12,8.32
2026-01-05T09:00:02Z,0.07,0.43
2026-01-05T10:00:01Z,5.12,8.31
2026-01-05T10:00:01Z,0.07,0.43
2026-01-05T11:00:02Z,5.13,8.31
2026-01-05T11:00:02Z,0.07,0.43
2026-01-05T12:00:02Z,5.14,8.3
2026-01-05T12:00:02Z,0.07,0.43
2026-01-05T13:00:01Z,5.15,8.29
2026-01-05T13:00:01Z,0.07,0.43
2026-01-05T14:00:01Z,5.16,8.28
2026-01-05T14:00:01Z,0.07,0.43
2026-01-05T15:00:01Z,5.16,8.27
2026-01-05T15:00:01Z,0.07,0.43
2026-01-05T16:00:02Z,5.17,8.26
2026-01-05T16:00:02Z,0.07,0.43
2026-01-05T17:00:02Z,5.18,8.26
2026-01-05T17:00:02Z,0.07,0.43
2026-01-05T18:00:02Z,5.19,8.25
2026-01-05T18:00:02Z,0.07,0.43
2026-01-05T19:00:02Z,5.2,8.24
2026-01-05T19:00:02Z,0.07,0.43
2026-01-05T20:00:02Z,5.21,8.23
2026-01-05T20:00:02Z,0.07,0.43
2026-01-05T21:00:01Z,5.21,8.22
2026-01-05T21:00:01Z,0.07,0.43
2026-01-05T22:00:02Z,5.22,8.22
2026-01-05T22:00:02Z,0.07,0.43
2026-01-05T23:00:02Z,5.23,8.21
2026-01-05T23:00:02Z,0.07,0.43
2026-01-06T00:00:02Z,5.24,8.2
2026-01-06T00:00:02Z,0.07,0.43
2026-01-06T01:00:02Z,5.25,8.19
2026-01-06T01:00:02Z,0.07,0.43
2026-01-06T02:00:01Z,5.26,8.18
2026-01-06T02:00:01Z,0.07,0.43
2026-01-06T03:00:01Z,5.27,8.17
2026-01-06T03:00:01Z,0.07,0.43
2026-01-06T04:00:02Z,5.27,8.17
2026-01-06T04:00:02Z,0.07,0.43
2026-01-06T05:00:02Z,5.28,8.16
2026-01-06T05:00:02Z,0.07,0.43
2026-01-06T06:00:02Z,5.28,8.15
2026-01-06T06:00:02Z,0.07,0.43
2026-01-06T07:00:02Z,5.29,8.14
2026-01-06T07:00:02Z,0.07,0.43
2026-01-06T08:00:01Z,5.3,8.14
2026-01-06T08:00:01Z,0.07,0.43
2026-01-06T09:00:02Z,5.31,8.13
2026-01-06T09:00:02Z,0.07,0.43
2026-01-06T10:00:02Z,5.32,8.12
2026-01-06T10:00:02Z,0.07,0.43
2026-01-06T11:00:01Z,5.33,8.11
2026-01-06T11:00:01Z,0.07,0.43
2026-01-06T12:00:02Z,5.34,8.1
2026-01-06T12:00:02Z,0.07,0.43
2026-01-06T13:00:01Z,5.35,8.09
2026-01-06T13:00:01Z,0.07,0.43
2026-01-06T21:00:02Z,5.36,8.08
2026-01-06T21:00:02Z,0.07,0.43
2026-01-06T22:00:02Z,5.36,8.07
2026-01-06T22:00:02Z,0.07,0.43
2026-01-06T23:00:02Z,5.37,8.07
2026-01-06T23:00:02Z,0.07,0.43
2026-01-07T00:00:01Z,5.38,8.06
2026-01-07T00:00:01Z,0.07,0.43
2026-01-07T01:00:02Z,5.39,8.05
2026-01-07T01:00:02Z,0.07,0.43
2026-01-07T02:00:01Z,5.4,8.04
2026-01-07T02:00:01Z,0.07,0.43
2026-01-07T03:00:02Z,5.41,8.03
2026-01-07T03:00:02Z,0.07,0.43
2026-01-07T04:00:01Z,5.39,8.05
2026-01-07T04:00:01Z,0.07,0.43
2026-01-07T05:00:01Z,5.4,8.04
2026-01-07T05:00:01Z,0.07,0.43
2026-01-07T06:00:01Z,5.41,8.03
2026-01-07T06:00:01Z,0.07,0.43
2026-01-07T07:00:02Z,5.42,8.02
2026-01-07T07:00:02Z,0.07,0.43
2026-01-07T08:00:01Z,5.43,8.01
2026-01-07T08:00:01Z,0.07,0.43
2026-01-07T09:00:02Z,5.44,8.0
2026-01-07T09:00:02Z,0.07,0.43
2026-01-07T10:00:02Z,5.45,7.99
2026-01-07T10:00:02Z,0.07,0.43
2026-01-07T11:00:01Z,5.46,7.98
2026-01-07T11:00:01Z,0.07,0.43
2026-01-07T12:00:02Z,5.47,7.97
2026-01-07T12:00:02Z,0.07,0.43
2026-01-07T13:00:02Z,5.48,7.96
2026-01-07T13:00:02Z,0.07,0.43
2026-01-07T14:00:01Z,5.49,7.95
2026-01-07T14:00:01Z,0.07,0.43
2026-01-07T15:00:02Z,5.5,7.94
2026-01-07T15:00:02Z,0.07,0.43
2026-01-07T16:00:01Z,5.51,7.93
2026-01-07T16:00:01Z,0.07,0.43
2026-01-07T17:00:01Z,5.52,7.92
2026-01-07T17:00:01Z,0.07,0.43
2026-01-07T18:00:02Z,5.53,7.91
2026-01-07T18:00:02Z,0.07,0.43
2026-01-07T19:00:01Z,5.54,7.9
2026-01-07T19:00:01Z,0.07,0.43
2026-01-07T20:00:02Z,5.55,7.89
2026-01-07T20:00:02Z,0.07,0.43
2026-01-07T21:00:02Z,5.56,7.88
2026-01-07T21:00:02Z,0.07,0.43
2026-01-07T22:00:01Z,5.57,7.87
2026-01-07T22:00:01Z,0.07,0.43
2026-01-07T23:00:01Z,5.58,7.86
2026-01-07T23:00:01Z,0.07,0.43
2026-01-08T00:00:01Z,5.59,7.85
2026-01-08T00:00:01Z,0.07,0.43
2026-01-08T01:00:02Z,5.6,7.84
2026-01-08T01:00:02Z,0.07,0.43
2026-01-08T02:00:02Z,5.61,7.83
2026-01-08T02:00:02Z,0.07,0.43
2026-01-08T03:00:02Z,5.62,7.82
2026-01-08T03:00:02Z,0.07,0.43
2026-01-08T04:00:01Z,5.63,7.81
2026-01-08T04:00:01Z,0.07,0.43
2026-01-08T05:00:01Z,5.64,7.8
2026-01-08T05:00:01Z,0.07,0.43
2026-01-08T06:00:01Z,5.65,7.79
2026-01-08T06:00:01Z,0.07,0.43
2026-01-08T07:00:01Z,5.66,7.77
2026-01-08T07:00:01Z,0.07,0.43
2026-01-08T08:00:01Z,5.67,7.76
2026-01-08T08:00:01Z,0.07,0.43
2026-01-08T09:00:02Z,5.69,7.75
2026-01-08T09:00:02Z,0.07,0.43
2026-01-08T10:00:01Z,5.7,7.74
2026-01-08T10:00:01Z,0.07,0.43
2026-01-08T11:00:02Z,5.71,7.73
2026-01-08T11:00:02Z,0.07,0.43
2026-01-08T12:00:02Z,5.72,7.72
2026-01-08T12:00:02Z,0.07,0.43
2026-01-08T13:00:01Z,5.73,7.71
2026-01-08T13:00:01Z,0.07,0.43
2026-01-08T14:00:01Z,5.74,7.69
2026-01-08T14:00:01Z,0.07,0.43
2026-01-08T15:00:01Z,5.75,7.68
2026-01-08T15:00:01Z,0.07,0.43
2026-01-08T16:00:02Z,5.77,7.67
2026-01-08T16:00:02Z,0.07,0.43
2026-01-08T17:00:02Z,5.78,7.66
2026-01-08T17:00:02Z,0.07,0.43
2026-01-08T18:00:01Z,5.79,7.65
2026-01-08T18:00:01Z,0.07,0.43
2026-01-08T19:00:01Z,5.8,7.64
2026-01-08T19:00:01Z,0.07,0.43
2026-01-08T20:00:02Z,5.81,7.62
2026-01-08T20:00:02Z,0.07,0.43
2026-01-08T21:00:02Z,5.82,7.61
2026-01-08T21:00:02Z,0.07,0.43
2026-01-08T22:00:01Z,5.84,7.6
2026-01-08T22:00:01Z,0.07,0.43
2026-01-08T23:00:01Z,5.85,7.59
2026-01-08T23:00:01Z,0.07,0.43
2026-01-09T00:00:01Z,5.86,7.58
2026-01-09T00:00:01Z,0.07,0.43
2026-01-09T01:00:01Z,5.87,7.56
2026-01-09T01:00:01Z,0.07,0.43
2026-01-09T02:00:02Z,5.88,7.55
2026-01-09T02:00:02Z,0.07,0.43
2026-01-09T03:00:02Z,5.9,7.54
2026-01-09T03:00:02Z,0.07,0.43
2026-01-09T04:00:02Z,5.91,7.53
2026-01-09T04:00:02Z,0.07,0.43
2026-01-09T05:00:02Z,5.92,7.52
2026-01-09T05:00:02Z,0.07,0.43
2026-01-09T06:00:02Z,5.93,7.5
2026-01-09T06:00:02Z,0.07,0.43
2026-01-09T07:00:01Z,5.95,7.49
2026-01-09T07:00:01Z,0.07,0.43
2026-01-09T08:00:02Z,5.96,7.48
2026-01-09T08:00:02Z,0.07,0.43
2026-01-09T09:00:01Z,5.97,7.47
2026-01-09T09:00:01Z,0.07,0.43
2026-01-09T10:00:02Z,5.98,7.45
2026-01-09T10:00:02Z,0.07,0.43
2026-01-09T11:00:01Z,6.0,7.44
2026-01-09T11:00:01Z,0.07,0.43
2026-01-09T12:00:02Z,6.01,7.43
2026-01-09T12:00:02Z,0.07,0.43
2026-01-09T13:00:01Z,6.02,7.42
2026-01-09T13:00:01Z,0.07,0.43
2026-01-09T14:00:01Z,6.03,7.4
2026-01-09T14:00:01Z,0.07,0.43
2026-01-09T15:00:01Z,6.05,7.39
2026-01-09T15:00:01Z,0.07,0.43
2026-01-09T16:00:02Z,6.06,7.38
2026-01-09T16:00:02Z,0.07,0.43
2026-01-09T17:00:01Z,6.07,7.36
2026-01-09T17:00:01Z,0.07,0.43
2026-01-09T18:00:02Z,6.09,7.35
2026-01-09T18:00:02Z,0.07,0.43
2026-01-09T19:00:01Z,6.1,7.34
2026-01-09T19:00:01Z,0.07,0.43
2026-01-09T20:00:01Z,6.11,7.33
2026-01-09T20:00:01Z,0.07,0.43
2026-01-09T21:00:01Z,6.13,7.31
2026-01-09T21:00:01Z,0.07,0.43
2026-01-09T22:00:02Z,6.14,7.3
2026-01-09T22:00:02Z,0.07,0.43
2026-01-09T23:00:02Z,6.15,7.29
2026-01-09T23:00:02Z,0.07,0.43
2026-01-10T00:00:01Z,6.17,7.27
2026-01-10T00:00:01Z,0.07,0.43
2026-01-10T01:00:01Z,6.18,7.26
2026-01-10T01:00:01Z,0.07,0.43
2026-01-10T02:00:02Z,6.19,7.24
2026-01-10T02:00:02Z,0.07,0.43
2026-01-10T03:00:02Z,6.21,7.23
2026-01-10T03:00:02Z,0.07,0.43
2026-01-10T04:00:01Z,6.21,7.23
2026-01-10T04:00:01Z,0.07,0.43
2026-01-10T05:00:01Z,6.23,7.21
2026-01-10T05:00:01Z,0.07,0.43
2026-01-10T06:00:01Z,6.24,7.2
2026-01-10T06:00:01Z,0.07,0.43
2026-01-10T07:00:02Z,6.25,7.18
2026-01-10T07:00:02Z,0.07,0.43
2026-01-10T08:00:01Z,6.27,7.17
2026-01-10T08:00:01Z,0.07,0.43
2026-01-10T09:00:02Z,6.28,7.16
2026-01-10T09:00:02Z,0.07,0.43
2026-01-10T10:00:02Z,6.29,7.14
2026-01-10T10:00:02Z,0.07,0.43
2026-01-10T11:00:01Z,6.31,7.13
2026-01-10T11:00:01Z,0.07,0.43
2026-01-10T12:00:01Z,6.32,7.11
2026-01-10T12:00:01Z,0.07,0.43
2026-01-10T13:00:01Z,6.34,7.1
2026-01-10T13:00:01Z,0.07,0.43
2026-01-10T14:00:01Z,6.35,7.09
2026-01-10T14:00:01Z,0.07,0.43
2026-01-10T15:00:02Z,6.37,7.07
2026-01-10T15:00:02Z,0.07,0.43
2026-01-10T16:00:01Z,6.38,7.06
2026-01-10T16:00:01Z,0.07,0.43
2026-01-10T17:00:02Z,6.39,7.04
2026-01-10T17:00:02Z,0.07,0.43
2026-01-10T18:00:01Z,6.41,7.03
2026-01-10T18:00:01Z,0.07,0.43
2026-01-10T19:00:02Z,6.42,7.01
2026-01-10T19:00:02Z,0.07,0.43
2026-01-10T20:00:01Z,6.44,7.0
2026-01-10T20:00:01Z,0.07,0.43
2026-01-10T21:00:02Z,6.45,6.99
2026-01-10T21:00:02Z,0.07,0.43
2026-01-10T22:00:01Z,6.46,6.97
2026-01-10T22:00:01Z,0.07,0.43
2026-01-10T23:00:02Z,6.48,6.96
2026-01-10T23:00:02Z,0.07,0.43
2026-01-11T00:00:01Z,6.49,6.94
2026-01-11T00:00:01Z,0.07,0.43
2026-01-11T01:00:02Z,6.51,6.93
2026-01-11T01:00:02Z,0.07,0.43
2026-01-11T02:00:01Z,6.52,6.91
2026-01-11T02:00:01Z,0.07,0.43
2026-01-11T03:00:02Z,6.54,6.9
2026-01-11T03:00:02Z,0.07,0.43
2026-01-11T04:00:02Z,6.55,6.88
2026-01-11T04:00:02Z,0.07,0.43
2026-01-11T05:00:01Z,6.57,6.87
2026-01-11T05:00:01Z,0.07,0.43
2026-01-11T06:00:02Z,6.58,6.85
2026-01-11T06:00:02Z,0.07,0.43
2026-01-11T07:00:01Z,6.6,6.84
2026-01-11T07:00:01Z,0.07,0.43
2026-01-11T08:00:02Z,6.62,6.82
2026-01-11T08:00:02Z,0.07,0.43
2026-01-11T09:00:01Z,6.63,6.81
2026-01-11T09:00:01Z,0.07,0.43
2026-01-11T10:00:02Z,6.65,6.79
2026-01-11T10:00:02Z,0.07,0.43
2026-01-11T11:00:02Z,6.66,6.78
2026-01-11T11:00:02Z,0.07,0.43
2026-01-11T12:00:02Z,6.68,6.76
2026-01-11T12:00:02Z,0.07,0.43
2026-01-11T13:00:02Z,6.69,6.75
2026-01-11T13:00:02Z,0.07,0.43
2026-01-11T14:00:02Z,6.71,6.73
2026-01-11T14:00:02Z,0.07,0.43
2026-01-11T15:00:02Z,6.72,6.71
2026-01-11T15:00:02Z,0.07,0.43
2026-01-11T16:00:01Z,6.74,6.7
2026-01-11T16:00:01Z,0.07,0.43
2026-01-11T17:00:01Z,6.75,6.68
2026-01-11T17:00:01Z,0.07,0.43
2026-01-11T18:00:01Z,6.77,6.67
2026-01-11T18:00:01Z,0.07,0.43
2026-01-11T19:00:02Z,6.79,6.65
2026-01-11T19:00:02Z,0.07,0.43
2026-01-11T20:00:02Z,6.8,6.63
2026-01-11T20:00:02Z,0.07,0.43
2026-01-11T21:00:02Z,6.82,6.62
2026-01-11T21:00:02Z,0.07,0.43
2026-01-11T22:00:02Z,6.84,6.6
2026-01-11T22:00:02Z,0.07,0.43
2026-01-11T23:00:02Z,6.85,6.59
2026-01-11T23:00:02Z,0.07,0.43
2026-01-12T00:00:01Z,6.87,6.57
2026-01-12T00:00:01Z,0.07,0.43
2026-01-12T01:00:01Z,6.88,6.55
2026-01-12T01:00:01Z,0.07,0.43
2026-01-12T02:00:02Z,6.9,6.54
2026-01-12T02:00:02Z,0.07,0.43
2026-01-12T03:00:01Z,6.92,6.52
2026-01-12T03:00:01Z,0.07,0.43
2026-01-12T04:00:01Z,6.93,6.5
2026-01-12T04:00:01Z,0.07,0.43
2026-01-12T05:00:02Z,6.95,6.49
2026-01-12T05:00:02Z,0.07,0.43
2026-01-12T06:00:01Z,6.97,6.47
2026-01-12T06:00:01Z,0.07,0.43
2026-01-12T07:00:02Z,6.98,6.45
2026-01-12T07:00:02Z,0.07,0.43
2026-01-12T08:00:02Z,7.0,6.44
2026-01-12T08:00:02Z,0.07,0.43
2026-01-12T09:00:01Z,7.02,6.42
2026-01-12T09:00:01Z,0.07,0.43
2026-01-12T10:00:01Z,7.03,6.4
2026-01-12T10:00:01Z,0.07,0.43
2026-01-12T11:00:01Z,7.05,6.39
2026-01-12T11:00:01Z,0.07,0.43
2026-01-12T12:00:01Z,7.07,6.37
2026-01-12T12:00:01Z,0.07,0.43
2026-01-12T13:00:01Z,7.08,6.35
2026-01-12T13:00:01Z,0.07,0.43
2026-01-12T14:00:01Z,7.1,6.34
2026-01-12T14:00:01Z,0.07,0.43
2026-01-12T15:00:02Z,7.12,6.32
2026-01-12T15:00:02Z,0.07,0.43
2026-01-12T16:00:02Z,7.14,6.3
2026-01-12T16:00:02Z,0.07,0.43
2026-01-12T17:00:02Z,7.15,6.28
2026-01-12T17:00:02Z,0.07,0.43
2026-01-12T18:00:02Z,7.17,6.27
2026-01-12T18:00:02Z,0.07,0.43
2026-01-12T19:00:02Z,7.19,6.25
2026-01-12T19:00:02Z,0.07,0.43
2026-01-12T20:00:02Z,7.21,6.23
2026-01-12T20:00:02Z,0.07,0.43
2026-01-12T21:00:02Z,7.22,6.21
2026-01-12T21:00:02Z,0.07,0.43
2026-01-12T22:00:02Z,7.24,6.2
2026-01-12T22:00:02Z,0.07,0.43
2026-01-12T23:00:02Z,7.26,6.18
2026-01-12T23:00:02Z,0.07,0.43
2026-01-13T00:00:01Z,7.28,6.16
2026-01-13T00:00:01Z,0.07,0.43
2026-01-13T01:00:02Z,7.29,6.14
2026-01-13T01:00:02Z,0.07,0.43
2026-01-13T02:00:01Z,7.31,6.13
2026-01-13T02:00:01Z,0.07,0.43
2026-01-13T03:00:01Z,7.33,6.11
2026-01-13T03:00:01Z,0.07,0.43
2026-01-13T04:00:02Z,7.35,6.09
2026-01-13T04:00:02Z,0.07,0.43
2026-01-13T05:00:02Z,7.36,6.07
2026-01-13T05:00:02Z,0.07,0.43
2026-01-13T06:00:01Z,7.38,6.06
2026-01-13T06:00:01Z,0.07,0.43
2026-01-13T07:00:02Z,7.4,6.04
2026-01-13T07:00:02Z,0.07,0.43
2026-01-13T08:00:02Z,7.42,6.02
2026-01-13T08:00:02Z,0.07,0.43
2026-01-13T09:00:02Z,7.44,6.0
2026-01-13T09:00:02Z,0.07,0.43
2026-01-13T10:00:02Z,7.45,5.98
2026-01-13T10:00:02Z,0.07,0.43
2026-01-13T11:00:02Z,7.47,5.97
2026-01-13T11:00:02Z,0.07,0.43
2026-01-13T12:00:01Z,7.49,5.95
2026-01-13T12:00:01Z,0.07,0.43
2026-01-13T13:00:02Z,7.51,5.93
2026-01-13T13:00:02Z,0.07,0.43
2026-01-13T14:00:01Z,7.53,5.91
2026-01-13T14:00:01Z,0.07,0.43
2026-01-13T15:00:01Z,7.55,5.89
2026-01-13T15:00:02Z,0.07,0.43
2026-01-13T16:00:01Z,7.56,5.87
2026-01-13T16:00:01Z,0.07,0.43
2026-01-13T17:00:01Z,7.58,5.86
2026-01-13T17:00:01Z,0.07,0.43
2026-01-13T18:00:02Z,7.6,5.84
2026-01-13T18:00:02Z,0.07,0.43
2026-01-13T19:00:01Z,7.62,5.82
2026-01-13T19:00:01Z,0.07,0.43
2026-01-13T20:00:02Z,7.64,5.8
2026-01-13T20:00:02Z,0.07,0.43
2026-01-13T21:00:02Z,7.66,5.78
2026-01-13T21:00:02Z,0.07,0.43
2026-01-13T22:00:02Z,7.68,5.76
2026-01-13T22:00:02Z,0.07,0.43
2026-01-13T23:00:01Z,7.7,5.74
2026-01-13T23:00:01Z,0.07,0.43
2026-01-14T00:00:01Z,7.72,5.72
2026-01-14T00:00:01Z,0.07,0.43
2026-01-14T01:00:02Z,7.73,5.7
2026-01-14T01:00:02Z,0.07,0.43
2026-01-14T02:00:02Z,7.75,5.68
2026-01-14T02:00:02Z,0.07,0.43
2026-01-14T03:00:01Z,7.77,5.66
2026-01-14T03:00:01Z,0.07,0.43
2026-01-14T04:00:01Z,7.79,5.65
2026-01-14T04:00:01Z,0.07,0.43
2026-01-14T05:00:02Z,7.81,5.63
2026-01-14T05:00:02Z,0.07,0.43
2026-01-14T06:00:02Z,7.83,5.61
2026-01-14T06:00:02Z,0.07,0.43
2026-01-14T07:00:02Z,7.85,5.59
2026-01-14T07:00:02Z,0.07,0.43
2026-01-14T08:00:01Z,7.87,5.57
2026-01-14T08:00:01Z,0.07,0.43
2026-01-14T09:00:02Z,7.89,5.55
2026-01-14T09:00:02Z,0.07,0.43
2026-01-14T10:00:01Z,7.91,5.53
2026-01-14T10:00:01Z,0.07,0.43
2026-01-14T11:00:01Z,7.93,5.51
2026-01-14T11:00:01Z,0.07,0.43
2026-01-14T12:00:01Z,7.95,5.49
2026-01-14T12:00:01Z,0.07,0.43
2026-01-14T13:00:01Z,7.97,5.47
2026-01-14T13:00:01Z,0.07,0.43
2026-01-14T14:00:01Z,7.99,5.45
2026-01-14T14:00:01Z,0.07,0.43
2026-01-14T15:00:01Z,8.01,5.43
2026-01-14T15:00:01Z,0.07,0.43
2026-01-14T16:00:02Z,8.03,5.41
2026-01-14T16:00:02Z,0.07,0.43
2026-01-14T17:00:02Z,8.05,5.39
2026-01-14T17:00:02Z,0.07,0.43
2026-01-14T18:00:02Z,8.07,5.37
2026-01-14T18:00:02Z,0.07,0.43
2026-01-14T19:00:01Z,8.09,5.35
2026-01-14T19:00:01Z,0.07,0.43
2026-01-14T20:00:02Z,8.11,5.33
2026-01-14T20:00:02Z,0.07,0.43
2026-01-14T21:00:01Z,8.13,5.31
2026-01-14T21:00:01Z,0.07,0.43
2026-01-14T22:00:02Z,8.15,5.28
2026-01-14T22:00:02Z,0.07,0.43
2026-01-14T23:00:02Z,8.17,5.26
2026-01-14T23:00:02Z,0.07,0.43
2026-01-15T00:00:02Z,8.2,5.24
2026-01-15T00:00:02Z,0.07,0.43
2026-01-15T01:00:02Z,8.22,5.22
2026-01-15T01:00:02Z,0.07,0.43
2026-01-15T02:00:02Z,8.24,5.2
2026-01-15T02:00:02Z,0.07,0.43
2026-01-15T03:00:02Z,8.26,5.18
2026-01-15T03:00:02Z,0.07,0.43
2026-01-15T04:00:02Z,8.28,5.16
2026-01-15T04:00:02Z,0.07,0.43
2026-01-15T05:00:02Z,8.3,5.14
2026-01-15T05:00:02Z,0.07,0.43
2026-01-15T06:00:01Z,8.32,5.12
2026-01-15T06:00:01Z,0.07,0.43
2026-01-15T07:00:02Z,8.34,5.1
2026-01-15T07:00:02Z,0.07,0.43
2026-01-15T08:00:02Z,8.36,5.08
2026-01-15T08:00:02Z,0.07,0.43
2026-01-15T09:00:01Z,8.38,5.05
2026-01-15T09:00:01Z,0.07,0.43
2026-01-15T10:00:02Z,8.41,5.03
2026-01-15T10:00:02Z,0.07,0.43
2026-01-15T11:00:02Z,8.43,5.01
2026-01-15T11:00:02Z,0.07,0.43
2026-01-15T12:00:02Z,8.45,4.99
2026-01-15T12:00:02Z,0.07,0.43
2026-01-15T13:00:01Z,8.47,4.97
2026-01-15T13:00:01Z,0.07,0.43
2026-01-15T14:00:02Z,8.49,4.95
2026-01-15T14:00:02Z,0.07,0.43
2026-01-15T15:00:01Z,8.51,4.93
2026-01-15T15:00:01Z,0.07,0.43
2026-01-15T16:00:01Z,8.53,4.9
2026-01-15T16:00:01Z,0.07,0.43
2026-01-15T17:00:02Z,8.56,4.88
2026-01-15T17:00:02Z,0.07,0.43
2026-01-15T18:00:02Z,8.58,4.86
2026-01-15T18:00:02Z,0.07,0.43
2026-01-15T19:00:02Z,8.6,4.84
2026-01-15T19:00:02Z,0.07,0.43
2026-01-15T20:00:02Z,8.62,4.82
2026-01-15T20:00:02Z,0.07,0.43
2026-01-15T21:00:02Z,8.64,4.79
2026-01-15T21:00:02Z,0.07,0.43
2026-01-15T22:00:02Z,8.66,4.77
2026-01-15T22:00:02Z,0.07,0.43
2026-01-15T23:00:01Z,8.69,4.75
2026-01-15T23:00:01Z,0.07,0.43
2026-01-16T00:00:01Z,8.71,4.73
2026-01-16T00:00:01Z,0.07,0.43
2026-01-16T01:00:02Z,8.73,4.71
2026-01-16T01:00:02Z,0.07,0.43
2026-01-16T02:00:02Z,8.75,4.68
2026-01-16T02:00:02Z,0.07,0.43
2026-01-16T03:00:02Z,8.78,4.66
2026-01-16T03:00:02Z,0.07,0.43
2026-01-16T04:00:01Z,8.8,4.64
2026-01-16T04:00:01Z,0.07,0.43
2026-01-16T05:00:01Z,8.82,4.62
2026-01-16T05:00:02Z,0.07,0.43
2026-01-16T06:00:01Z,8.84,4.6
2026-01-16T06:00:01Z,0.07,0.43
2026-01-16T07:00:02Z,8.87,4.57
2026-01-16T07:00:02Z,0.07,0.43
2026-01-16T08:00:01Z,8.89,4.55
2026-01-16T08:00:01Z,0.07,0.43
2026-01-16T09:00:01Z,8.91,4.53
2026-01-16T09:00:01Z,0.07,0.43
2026-01-16T10:00:01Z,8.93,4.51
2026-01-16T10:00:01Z,0.07,0.43
2026-01-16T11:00:02Z,8.96,4.48
2026-01-16T11:00:02Z,0.07,0.43
2026-01-16T12:00:01Z,8.98,4.46
2026-01-16T12:00:01Z,0.07,0.43
2026-01-16T13:00:02Z,9.0,4.44
2026-01-16T13:00:02Z,0.07,0.43
2026-01-16T14:00:02Z,9.02,4.41
2026-01-16T14:00:02Z,0.07,0.43
2026-01-16T15:00:01Z,9.05,4.39
2026-01-16T15:00:01Z,0.07,0.43
2026-01-16T16:00:02Z,9.07,4.37
2026-01-16T16:00:02Z,0.07,0.43
2026-01-16T17:00:02Z,9.09,4.34
2026-01-16T17:00:02Z,0.07,0.43
2026-01-16T18:00:01Z,9.12,4.32
2026-01-16T18:00:01Z,0.07,0.43
2026-01-16T19:00:01Z,9.14,4.3
2026-01-16T19:00:01Z,0.07,0.43
2026-01-16T20:00:01Z,9.16,4.28
2026-01-16T20:00:01Z,0.07,0.43
2026-01-16T21:00:01Z,9.19,4.25
2026-01-16T21:00:01Z,0.07,0.43
2026-01-16T22:00:02Z,9.21,4.23
2026-01-16T22:00:02Z,0.07,0.43
2026-01-16T23:00:01Z,9.23,4.21
2026-01-16T23:00:01Z,0.07,0.43
2026-01-17T00:00:01Z,9.26,4.18
2026-01-17T00:00:01Z,0.07,0.43
2026-01-17T01:00:01Z,9.28,4.16
2026-01-17T01:00:01Z,0.07,0.43
2026-01-17T02:00:01Z,9.3,4.13
2026-01-17T02:00:01Z,0.07,0.43
2026-01-17T03:00:01Z,9.33,4.11
2026-01-17T03:00:01Z,0.07,0.43
2026-01-17T04:00:01Z,9.35,4.09
2026-01-17T04:00:01Z,0.07,0.43
2026-01-17T05:00:02Z,9.37,4.06
2026-01-17T05:00:02Z,0.07,0.43
2026-01-17T06:00:01Z,9.4,4.04
2026-01-17T06:00:01Z,0.07,0.43
2026-01-17T07:00:02Z,9.42,4.02
2026-01-17T07:00:02Z,0.07,0.43
2026-01-17T08:00:02Z,9.45,3.99
2026-01-17T08:00:02Z,0.07,0.43
2026-01-17T09:00:01Z,9.47,3.97
2026-01-17T09:00:01Z,0.07,0.43
2026-01-17T10:00:01Z,9.49,3.94
2026-01-17T10:00:01Z,0.07,0.43
2026-01-17T11:00:02Z,9.52,3.92
2026-01-17T11:00:02Z,0.07,0.43
2026-01-17T12:00:01Z,9.54,3.9
2026-01-17T12:00:01Z,0.07,0.43
2026-01-17T13:00:01Z,9.57,3.87
2026-01-17T13:00:01Z,0.07,0.43
2026-01-17T14:00:01Z,9.59,3.85
2026-01-17T14:00:01Z,0.07,0.43
2026-01-17T15:00:02Z,9.62,3.82
2026-01-17T15:00:02Z,0.07,0.43
2026-01-17T16:00:02Z,9.64,3.8
2026-01-17T16:00:02Z,0.07,0.43
2026-01-17T17:00:01Z,9.66,3.77
2026-01-17T17:00:01Z,0.07,0.43
2026-01-17T18:00:02Z,9.69,3.75
2026-01-17T18:00:02Z,0.07,0.43
2026-01-17T19:00:02Z,9.71,3.72
2026-01-17T19:00:02Z,0.07,0.43
2026-01-17T20:00:01Z,9.74,3.7
2026-01-17T20:00:01Z,0.07,0.43
2026-01-17T21:00:01Z,9.76,3.67
2026-01-17T21:00:01Z,0.07,0.43
2026-01-17T22:00:01Z,9.79,3.65
2026-01-17T22:00:01Z,0.07,0.43
2026-01-17T23:00:02Z,9.81,3.62
2026-01-17T23:00:02Z,0.07,0.43
2026-01-18T00:00:02Z,9.84,3.6
2026-01-18T00:00:02Z,0.07,0.43
2026-01-18T01:00:01Z,9.86,3.57
2026-01-18T01:00:01Z,0.07,0.43
2026-01-18T02:00:02Z,9.89,3.55
2026-01-18T02:00:02Z,0.07,0.43
2026-01-18T03:00:02Z,9.91,3.52
2026-01-18T03:00:02Z,0.07,0.43
2026-01-18T04:00:01Z,9.94,3.5
2026-01-18T04:00:01Z,0.07,0.43
2026-01-18T05:00:02Z,9.97,3.47
2026-01-18T05:00:02Z,0.07,0.43
2026-01-18T06:00:02Z,9.99,3.45
2026-01-18T06:00:02Z,0.07,0.43
2026-01-18T07:00:01Z,10.02,3.42
2026-01-18T07:00:01Z,0.07,0.43
2026-01-18T08:00:02Z,10.04,3.4
2026-01-18T08:00:02Z,0.07,0.43
2026-01-18T09:00:01Z,10.07,3.37
2026-01-18T09:00:01Z,0.07,0.43
2026-01-18T10:00:01Z,10.09,3.34
2026-01-18T10:00:01Z,0.07,0.43
2026-01-18T11:00:02Z,10.12,3.32
2026-01-18T11:00:02Z,0.07,0.43
2026-01-18T12:00:02Z,10.14,3.29
2026-01-18T12:00:02Z,0.07,0.43
2026-01-18T13:00:01Z,10.17,3.27
2026-01-18T13:00:01Z,0.07,0.43
2026-01-18T14:00:02Z,10.2,3.24
2026-01-18T14:00:02Z,0.07,0.43
2026-01-18T15:00:01Z,10.22,3.22
2026-01-18T15:00:01Z,0.07,0.43
2026-01-18T16:00:02Z,10.25,3.19
2026-01-18T16:00:02Z,0.07,0.43
2026-01-18T17:00:01Z,10.27,3.16
2026-01-18T17:00:01Z,0.07,0.43
2026-01-18T18:00:02Z,10.3,3.14
2026-01-18T18:00:02Z,0.07,0.43
2026-01-18T19:00:02Z,10.33,3.11
2026-01-18T19:00:02Z,0.07,0.43
2026-01-18T20:00:02Z,10.35,3.08
2026-01-18T20:00:02Z,0.07,0.43
2026-01-18T21:00:02Z,10.38,3.06
2026-01-18T21:00:02Z,0.07,0.43
2026-01-18T22:00:02Z,10.41,3.03
2026-01-18T22:00:02Z,0.07,0.43
2026-01-18T23:00:01Z,10.43,3.01
2026-01-18T23:00:01Z,0.07,0.43
2026-01-19T00:00:02Z,10.46,2.98
2026-01-19T00:00:02Z,0.07,0.43
2026-01-19T01:00:02Z,10.49,2.95
2026-01-19T01:00:02Z,0.07,0.43
2026-01-19T02:00:02Z,10.51,2.92
2026-01-19T02:00:02Z,0.07,0.43
2026-01-19T03:00:02Z,10.54,2.9
2026-01-19T03:00:02Z,0.07,0.43
2026-01-19T04:00:02Z,10.57,2.87
2026-01-19T04:00:02Z,0.07,0.43
2026-01-19T05:00:01Z,10.59,2.84
2026-01-19T05:00:01Z,0.07,0.43
2026-01-19T06:00:01Z,10.62,2.82
2026-01-19T06:00:01Z,0.07,0.43
2026-01-19T07:00:01Z,10.65,2.79
2026-01-19T07:00:01Z,0.07,0.43
2026-01-19T08:00:02Z,10.67,2.76
2026-01-19T08:00:02Z,0.07,0.43
2026-01-19T09:00:02Z,10.7,2.74
2026-01-19T09:00:02Z,0.07,0.43
2026-01-19T10:00:02Z,10.73,2.71
2026-01-19T10:00:02Z,0.07,0.43
2026-01-19T11:00:01Z,10.76,2.68
2026-01-19T11:00:01Z,0.07,0.43
2026-01-19T12:00:01Z,10.78,2.65
2026-01-19T12:00:01Z,0.07,0.43
2026-01-19T13:00:02Z,10.81,2.63
2026-01-19T13:00:02Z,0.07,0.43
2026-01-19T14:00:01Z,10.84,2.6
2026-01-19T14:00:01Z,0.07,0.43
2026-01-19T15:00:02Z,10.87,2.57
2026-01-19T15:00:02Z,0.07,0.43
2026-01-19T16:00:01Z,10.89,2.54
2026-01-19T16:00:01Z,0.07,0.43
2026-01-19T17:00:01Z,10.92,2.52
2026-01-19T17:00:01Z,0.07,0.43
2026-01-19T18:00:01Z,10.95,2.49
2026-01-19T18:00:01Z,0.07,0.43
2026-01-19T19:00:01Z,10.98,2.46
2026-01-19T19:00:01Z,0.07,0.43
2026-01-19T20:00:02Z,11.0,2.43
2026-01-19T20:00:02Z,0.07,0.43
2026-01-19T21:00:01Z,11.03,2.41
2026-01-19T21:00:01Z,0.07,0.43
2026-01-19T22:00:02Z,11.06,2.38
2026-01-19T22:00:02Z,0.07,0.43
2026-01-19T23:00:01Z,11.09,2.35
2026-01-19T23:00:01Z,0.07,0.43
2026-01-20T00:00:01Z,11.11,2.32
2026-01-20T00:00:01Z,0.07,0.43
2026-01-20T01:00:01Z,11.14,2.3
2026-01-20T01:00:01Z,0.07,0.43
2026-01-20T02:00:01Z,11.17,2.27
2026-01-20T02:00:01Z,0.07,0.43
2026-01-20T03:00:01Z,11.2,2.24
2026-01-20T03:00:01Z,0.07,0.43
2026-01-20T04:00:02Z,11.23,2.21
2026-01-20T04:00:02Z,0.07,0.43
2026-01-20T05:00:02Z,11.26,2.18
2026-01-20T05:00:02Z,0.07,0.43
2026-01-20T06:00:02Z,11.28,2.15
2026-01-20T06:00:02Z,0.07,0.43
2026-01-20T07:00:01Z,11.31,2.13
2026-01-20T07:00:01Z,0.07,0.43
2026-01-20T08:00:02Z,11.34,2.1
2026-01-20T08:00:02Z,0.07,0.43
2026-01-20T09:00:01Z,11.37,2.07
2026-01-20T09:00:01Z,0.07,0.43
2026-01-20T10:00:02Z,11.4,2.04
2026-01-20T10:00:02Z,0.07,0.43
2026-01-20T11:00:01Z,11.43,2.01
2026-01-20T11:00:01Z,0.07,0.43
2026-01-20T12:00:01Z,11.46,1.98
2026-01-20T12:00:01Z,0.07,0.43
2026-01-20T13:00:01Z,11.48,1.95
2026-01-20T13:00:01Z,0.07,0.43
2026-01-20T14:00:01Z,11.51,1.92
2026-01-20T14:00:01Z,0.07,0.43
2026-01-20T15:00:02Z,11.54,1.9
2026-01-20T15:00:02Z,0.07,0.43
2026-01-20T16:00:02Z,11.57,1.87
2026-01-20T16:00:02Z,0.07,0.43
2026-01-20T17:00:02Z,11.6,1.84
2026-01-20T17:00:02Z,0.07,0.43
2026-01-20T18:00:02Z,11.63,1.81
2026-01-20T18:00:02Z,0.07,0.43
2026-01-20T19:00:01Z,11.66,1.78
2026-01-20T19:00:01Z,0.07,0.43
2026-01-20T20:00:01Z,11.68,1.75
2026-01-20T20:00:01Z,0.07,0.43
2026-01-20T21:00:01Z,11.71,1.72
2026-01-20T21:00:01Z,0.07,0.43
2026-01-20T22:00:01Z,11.74,1.7
2026-01-20T22:00:01Z,0.07,0.43
2026-01-20T23:00:01Z,11.77,1.67
2026-01-20T23:00:01Z,0.07,0.43
2026-01-21T00:00:01Z,11.8,1.64
2026-01-21T00:00:01Z,0.07,0.43
2026-01-21T01:00:01Z,11.83,1.61
2026-01-21T01:00:01Z,0.07,0.43
2026-01-21T02:00:01Z,11.86,1.58
2026-01-21T02:00:01Z,0.07,0.43
2026-01-21T03:00:01Z,11.89,1.55
2026-01-21T03:00:01Z,0.07,0.43
2026-01-21T04:00:02Z,11.92,1.52
2026-01-21T04:00:02Z,0.07,0.43
2026-01-21T05:00:02Z,11.95,1.49
2026-01-21T05:00:02Z,0.07,0.43
2026-01-21T06:00:01Z,11.98,1.46
2026-01-21T06:00:01Z,0.07,0.43
2026-01-21T07:00:01Z,12.01,1.43
2026-01-21T07:00:01Z,0.07,0.43
2026-01-21T08:00:02Z,12.04,1.4
2026-01-21T08:00:02Z,0.07,0.43
2026-01-21T09:00:02Z,12.07,1.37
2026-01-21T09:00:02Z,0.07,0.43
2026-01-21T10:00:01Z,12.1,1.34
2026-01-21T10:00:01Z,0.07,0.43
2026-01-21T11:00:02Z,12.13,1.31
2026-01-21T11:00:02Z,0.07,0.43
2026-01-21T12:00:01Z,12.16,1.28
2026-01-21T12:00:01Z,0.07,0.43
2026-01-21T13:00:02Z,12.19,1.25
2026-01-21T13:00:02Z,0.07,0.43
2026-01-21T14:00:01Z,12.22,1.22
2026-01-21T14:00:01Z,0.07,0.43
2026-01-21T15:00:01Z,12.25,1.19
2026-01-21T15:00:01Z,0.07,0.43
2026-01-21T16:00:02Z,12.28,1.16
2026-01-21T16:00:02Z,0.07,0.43
2026-01-21T17:00:02Z,12.31,1.13
2026-01-21T17:00:02Z,0.07,0.43
2026-01-21T18:00:02Z,12.34,1.1
2026-01-21T18:00:02Z,0.07,0.43
2026-01-21T19:00:02Z,12.37,1.07
2026-01-21T19:00:02Z,0.07,0.43
2026-01-21T20:00:02Z,12.4,1.04
2026-01-21T20:00:02Z,0.07,0.43
2026-01-21T21:00:01Z,12.43,1.0
2026-01-21T21:00:01Z,0.07,0.43
2026-01-21T22:00:02Z,12.46,0.97
2026-01-21T22:00:02Z,0.07,0.43
2026-01-21T23:00:02Z,12.49,0.94
2026-01-21T23:00:02Z,0.07,0.43
2026-01-22T00:00:02Z,12.53,0.91
2026-01-22T00:00:02Z,0.07,0.43
2026-01-22T01:00:02Z,12.56,0.88
2026-01-22T01:00:02Z,0.07,0.43
2026-01-22T02:00:01Z,12.59,0.85
2026-01-22T02:00:01Z,0.07,0.43
2026-01-22T03:00:02Z,12.62,0.82
2026-01-22T03:00:02Z,0.07,0.43
2026-01-22T04:00:01Z,12.65,0.79
2026-01-22T04:00:01Z,0.07,0.43
2026-01-22T05:00:02Z,12.68,0.76
2026-01-22T05:00:02Z,0.07,0.43
2026-01-22T06:00:01Z,12.71,0.73
2026-01-22T06:00:01Z,0.07,0.43
2026-01-22T07:00:02Z,12.74,0.7
2026-01-22T07:00:02Z,0.07,0.43
2026-01-22T08:00:01Z,12.77,0.66
2026-01-22T08:00:01Z,0.07,0.43
2026-01-22T09:00:02Z,12.8,0.63
2026-01-22T09:00:02Z,0.07,0.43
2026-01-22T10:00:01Z,12.84,0.6
2026-01-22T10:00:01Z,0.07,0.43
2026-01-22T11:00:02Z,12.87,0.57
2026-01-22T11:00:02Z,0.07,0.43
2026-01-22T12:00:01Z,12.9,0.54
2026-01-22T12:00:01Z,0.07,0.43
2026-01-22T13:00:01Z,12.93,0.51
2026-01-22T13:00:01Z,0.07,0.43
2026-01-22T14:00:01Z,12.96,0.47
2026-01-22T14:00:01Z,0.07,0.43
2026-01-22T15:00:02Z,12.99,0.44
2026-01-22T15:00:02Z,0.07,0.43
2026-01-22T16:00:01Z,13.03,0.41
2026-01-22T16:00:01Z,0.07,0.43
2026-01-22T17:00:02Z,13.06,0.38
2026-01-22T17:00:02Z,0.07,0.43
2026-01-22T18:00:01Z,13.09,0.35
2026-01-22T18:00:01Z,0.07,0.43
2026-01-22T19:00:02Z,13.12,0.32
2026-01-22T19:00:02Z,0.07,0.43
2026-01-22T20:00:02Z,13.15,0.28
2026-01-22T20:00:02Z,0.07,0.43
2026-01-22T21:00:01Z,13.19,0.25
2026-01-22T21:00:01Z,0.07,0.43
2026-01-22T22:00:01Z,13.22,0.22
2026-01-22T22:00:01Z,0.07,0.43
2026-01-22T23:00:02Z,13.25,0.19
2026-01-22T23:00:02Z,0.07,0.43
2026-01-23T00:00:01Z,13.28,0.16
2026-01-23T00:00:01Z,0.07,0.43
2026-01-23T01:00:02Z,13.31,0.12
2026-01-23T01:00:02Z,0.07,0.43
2026-01-23T02:00:01Z,13.35,0.09
2026-01-23T02:00:01Z,0.07,0.43
2026-01-23T03:00:01Z,13.38,0.06
2026-01-23T03:00:01Z,0.07,0.43
2026-01-23T04:00:01Z,13.41,0.03
2026-01-23T04:00:01Z,0.07,0.43
2026-01-23T05:00:02Z,13.44,0.0
2026-01-23T05:00:02Z,0.07,0.43
2026-01-23T06:00:01Z,13.44,0.0
2026-01-23T06:00:01Z,0.07,0.43
2026-01-23T07:00:02Z,13.44,0.0
2026-01-23T07:00:02Z,0.07,0.43
2026-01-23T08:00:02Z,13.44,0.0
2026-01-23T08:00:02Z,0.07,0.43
2026-01-23T09:00:02Z,13.44,0.0
2026-01-23T09:00:02Z,0.07,0.43
2026-01-23T10:00:02Z,13.44,0.0
2026-01-23T10:00:02Z,0.07,0.43
2026-01-23T11:00:02Z,13.44,0.0
2026-01-23T11:00:02Z,0.07,0.43
2026-01-23T12:00:02Z,13.44,0.0
2026-01-23T12:00:02Z,0.07,0.43
2026-01-23T13:00:02Z,13.44,0.0
2026-01-23T13:00:02Z,0.07,0.43
2026-01-23T14:00:01Z,13.44,0.0
2026-01-23T14:00:01Z,0.07,0.43
2026-01-23T15:00:01Z,13.44,0.0
2026-01-23T15:00:01Z,0.07,0.43
2026-01-23T16:00:01Z,13.44,0.0
2026-01-23T16:00:01Z,0.07,0.43
2026-01-23T17:00:01Z,13.44,0.0
2026-01-23T17:00:01Z,0.07,0.43
2026-01-23T18:00:02Z,13.44,0.0
2026-01-23T18:00:02Z,0.07,0.43
2026-01-23T19:00:01Z,13.44,0.0
2026-01-23T19:00:01Z,0.07,0.43
2026-01-23T20:00:02Z,13.44,0.0
2026-01-23T20:00:02Z,0.07,0.43
2026-01-23T21:00:02Z,13.44,0.0
2026-01-23T21:00:02Z,0.07,0.43
2026-01-23T22:00:01Z,13.44,0.0
2026-01-23T22:00:01Z,0.07,0.43
2026-01-23T23:00:02Z,13.44,0.0
2026-01-23T23:00:02Z,0.07,0.43
2026-01-24T00:00:02Z,13.44,0.0
2026-01-24T00:00:02Z,0.07,0.43
2026-01-24T01:00:01Z,13.44,0.0
2026-01-24T01:00:01Z,0.07,0.43
2026-01-24T02:00:02Z,13.44,0.0
2026-01-24T02:00:02Z,0.07,0.43
2026-01-24T03:00:02Z,13.44,0.0
2026-01-24T03:00:02Z,0.07,0.43
2026-01-24T04:00:01Z,13.44,0.0
2026-01-24T04:00:01Z,0.07,0.43
2026-01-24T05:00:02Z,13.44,0.0
2026-01-24T05:00:02Z,0.07,0.43
2026-01-24T06:00:02Z,13.44,0.0
2026-01-24T06:00:02Z,0.07,0.43
2026-01-24T07:00:01Z,13.44,0.0
2026-01-24T07:00:01Z,0.07,0.43
2026-01-24T08:00:02Z,13.44,0.0
2026-01-24T08:00:02Z,0.07,0.43
2026-01-24T09:00:02Z,13.44,0.0
2026-01-24T09:00:02Z,0.07,0.43
2026-01-24T10:00:02Z,13.44,0.0
2026-01-24T10:00:02Z,0.07,0.43
2026-01-24T11:00:02Z,13.44,0.0
2026-01-24T11:00:02Z,0.07,0.43
2026-01-24T12:00:02Z,13.44,0.0
2026-01-24T12:00:02Z,0.07,0.43
2026-01-24T13:00:01Z,13.44,0.0
2026-01-24T13:00:01Z,0.07,0.43
2026-01-24T14:00:01Z,13.44,0.0
2026-01-24T14:00:01Z,0.07,0.43
2026-01-24T15:00:01Z,13.44,0.0
2026-01-24T15:00:01Z,0.07,0.43
2026-01-24T16:00:02Z,13.44,0.0
2026-01-24T16:00:02Z,0.07,0.43
2026-01-24T17:00:01Z,13.44,0.0
2026-01-24T17:00:01Z,0.07,0.43
2026-01-24T18:00:02Z,13.44,0.0
2026-01-24T18:00:02Z,0.07,0.43
2026-01-24T19:00:01Z,13.44,0.0
2026-01-24T19:00:01Z,0.07,0.43
2026-01-24T20:00:02Z,13.44,0.0
2026-01-24T20:00:02Z,0.07,0.43
2026-01-24T21:00:01Z,13.44,0.0
2026-01-24T21:00:01Z,0.07,0.43
2026-01-24T22:00:02Z,13.44,0.0
2026-01-24T22:00:02Z,0.07,0.43
2026-01-24T23:00:01Z,13.44,0.0
2026-01-24T23:00:01Z,0.07,0.43
2026-01-25T00:00:02Z,13.44,0.0
2026-01-25T00:00:02Z,0.07,0.43
2026-01-25T01:00:01Z,13.44,0.0
2026-01-25T01:00:01Z,0.07,0.43
2026-01-25T02:00:01Z,13.44,0.0
2026-01-25T02:00:01Z,0.07,0.43
2026-01-25T03:00:01Z,13.44,0.0
2026-01-25T03:00:01Z,0.07,0.43
2026-01-25T04:00:01Z,13.44,0.0
2026-01-25T04:00:01Z,0.07,0.43
2026-01-25T05:00:02Z,13.44,0.0
2026-01-25T05:00:02Z,0.07,0.43
2026-01-25T06:00:01Z,13.44,0.0
2026-01-25T06:00:01Z,0.07,0.43
2026-01-25T07:00:01Z,13.44,0.0
2026-01-25T07:00:01Z,0.07,0.43
2026-01-25T08:00:01Z,13.44,0.0
2026-01-25T08:00:01Z,0.07,0.43
2026-01-25T09:00:01Z,13.44,0.0
2026-01-25T09:00:01Z,0.07,0.43
2026-01-25T10:00:01Z,13.44,0.0
2026-01-25T10:00:01Z,0.07,0.43
2026-01-25T11:00:02Z,13.44,0.0
2026-01-25T11:00:02Z,0.07,0.43
2026-01-25T12:00:01Z,13.44,0.0
2026-01-25T12:00:01Z,0.07,0.43
2026-01-25T13:00:02Z,13.44,0.0
2026-01-25T13:00:02Z,0.07,0.43
2026-01-25T14:00:01Z,13.44,0.0
2026-01-25T14:00:01Z,0.07,0.43
2026-01-25T15:00:01Z,13.44,0.0
2026-01-25T15:00:01Z,0.07,0.43
2026-01-25T16:00:01Z,13.44,0.0
2026-01-25T16:00:01Z,0.07,0.43
2026-01-25T17:00:02Z,13.44,0.0
2026-01-25T17:00:02Z,0.07,0.43
2026-01-25T18:00:01Z,13.44,0.0
2026-01-25T18:00:01Z,0.07,0.43
2026-01-25T19:00:01Z,13.44,0.0
2026-01-25T19:00:01Z,0.07,0.43
2026-01-25T20:00:01Z,13.44,0.0
2026-01-25T20:00:01Z,0.07,0.43
2026-01-25T21:00:01Z,13.44,0.0
2026-01-25T21:00:01Z,0.07,0.43
2026-01-25T22:00:01Z,13.44,0.0
2026-01-25T22:00:01Z,0.07,0.43
2026-01-25T23:00:02Z,13.44,0.0
2026-01-25T23:00:02Z,0.07,0.43
2026-01-26T00:00:01Z,13.44,0.0
2026-01-26T00:00:01Z,0.07,0.43
2026-01-26T01:00:02Z,13.44,0.0
2026-01-26T01:00:02Z,0.07,0.43
2026-01-26T02:00:02Z,13.44,0.0
2026-01-26T02:00:02Z,0.07,0.43
2026-01-26T03:00:02Z,13.44,0.0
2026-01-26T03:00:02Z,0.07,0.43
2026-01-26T04:00:02Z,13.44,0.0
2026-01-26T04:00:02Z,0.07,0.43
2026-01-26T05:00:01Z,13.44,0.0
2026-01-26T05:00:01Z,0.07,0.43
2026-01-26T06:00:02Z,13.44,0.0
2026-01-26T06:00:02Z,0.07,0.43
2026-01-26T07:00:01Z,13.44,0.0
2026-01-26T07:00:01Z,0.07,0.43
2026-01-26T08:00:01Z,13.44,0.0
2026-01-26T08:00:01Z,0.07,0.43
2026-01-26T09:00:01Z,13.44,0.0
2026-01-26T09:00:01Z,0.07,0.43
2026-01-26T10:00:02Z,13.44,0.0
2026-01-26T10:00:02Z,0.07,0.43
2026-01-26T11:00:01Z,12.45,0.99
2026-01-26T11:00:01Z,0.07,0.43
2026-01-26T12:00:02Z,12.49,0.95
2026-01-26T12:00:02Z,0.07,0.43
2026-01-26T13:00:02Z,4.06,9.38
2026-01-26T13:00:02Z,0.07,0.43
2026-01-26T14:00:02Z,4.06,9.38
2026-01-26T14:00:02Z,0.07,0.43
2026-01-26T15:00:01Z,4.06,9.38
2026-01-26T15:00:01Z,0.07,0.43
2026-01-26T16:00:01Z,4.06,9.38
2026-01-26T16:00:01Z,0.07,0.43
2026-01-26T17:00:02Z,4.06,9.38
2026-01-26T17:00:02Z,0.07,0.43
2026-01-26T18:00:02Z,4.06,9.38
2026-01-26T18:00:02Z,0.07,0.43
2026-01-26T19:00:02Z,4.06,9.38
2026-01-26T19:00:02Z,0.07,0.43
2026-01-26T20:00:01Z,4.08,9.36
2026-01-26T20:00:01Z,0.07,0.43
2026-01-26T21:00:01Z,4.12,9.32
2026-01-26T21:00:01Z,0.07,0.43
2026-01-26T22:00:01Z,4.15,9.28
2026-01-26T22:00:01Z,0.07,0.43
2026-01-26T23:00:02Z,4.19,9.25
2026-01-26T23:00:02Z,0.07,0.43
2026-01-27T00:00:01Z,4.23,9.21
2026-01-27T00:00:01Z,0.07,0.43
2026-01-27T01:00:02Z,4.27,9.17
2026-01-27T01:00:02Z,0.07,0.43
2026-01-27T02:00:01Z,4.31,9.13
2026-01-27T02:00:01Z,0.07,0.43
2026-01-27T03:00:01Z,4.35,9.09
2026-01-27T03:00:01Z,0.07,0.43
2026-01-27T04:00:01Z,4.39,9.05
2026-01-27T04:00:01Z,0.07,0.43
2026-01-27T05:00:01Z,4.42,9.01
2026-01-27T05:00:01Z,0.07,0.43
2026-01-27T06:00:02Z,4.46,8.97
2026-01-27T06:00:02Z,0.07,0.43
2026-01-27T07:00:01Z,4.5,8.94
2026-01-27T07:00:01Z,0.07,0.43
2026-01-27T08:00:01Z,4.54,8.9
2026-01-27T08:00:01Z,0.07,0.43
2026-01-27T09:00:02Z,4.58,8.86
2026-01-27T09:00:02Z,0.07,0.43
2026-01-27T10:00:02Z,4.62,8.82
2026-01-27T10:00:02Z,0.07,0.43
2026-01-27T11:00:01Z,4.66,8.78
2026-01-27T11:00:01Z,0.07,0.43
2026-01-27T12:00:02Z,4.7,8.74
2026-01-27T12:00:02Z,0.07,0.43
2026-01-27T13:00:01Z,4.74,8.7
2026-01-27T13:00:01Z,0.07,0.43
2026-01-27T14:00:02Z,4.77,8.66
2026-01-27T14:00:02Z,0.07,0.43
2026-01-27T15:00:02Z,4.81,8.62
2026-01-27T15:00:02Z,0.07,0.43
2026-01-27T16:00:01Z,4.86,8.58
2026-01-27T16:00:01Z,0.07,0.43
2026-01-27T17:00:01Z,5.08,8.36
2026-01-27T17:00:01Z,0.07,0.43
2026-01-27T18:00:02Z,5.23,8.21
2026-01-27T18:00:02Z,0.07,0.43
2026-01-27T19:00:02Z,5.27,8.17
2026-01-27T19:00:02Z,0.07,0.43
2026-01-27T20:00:01Z,5.31,8.13
2026-01-27T20:00:01Z,0.07,0.43
2026-01-27T21:00:02Z,5.35,8.09
2026-01-27T21:00:02Z,0.07,0.43
2026-01-27T22:00:01Z,5.39,8.05
2026-01-27T22:00:01Z,0.07,0.43
2026-01-27T23:00:01Z,5.43,8.01
2026-01-27T23:00:01Z,0.07,0.43
2026-01-28T00:00:01Z,4.39,9.04
2026-01-28T00:00:01Z,0.07,0.43
2026-01-28T01:00:01Z,4.44,9.0
2026-01-28T01:00:01Z,0.07,0.43
2026-01-28T02:00:01Z,4.48,8.96
2026-01-28T02:00:01Z,0.07,0.43
2026-01-28T03:00:02Z,4.52,8.92
2026-01-28T03:00:02Z,0.07,0.43
2026-01-28T04:00:01Z,4.56,8.88
2026-01-28T04:00:01Z,0.07,0.43
2026-01-28T05:00:02Z,4.6,8.84
2026-01-28T05:00:02Z,0.07,0.43
2026-01-28T06:00:02Z,4.64,8.8
2026-01-28T06:00:02Z,0.07,0.43
2026-01-28T07:00:01Z,4.68,8.76
2026-01-28T07:00:01Z,0.07,0.43
2026-01-28T08:00:02Z,4.72,8.72
2026-01-28T08:00:02Z,0.07,0.43
2026-01-28T09:00:01Z,4.76,8.68
2026-01-28T09:00:01Z,0.07,0.43
2026-01-28T10:00:02Z,4.8,8.64
2026-01-28T10:00:02Z,0.07,0.43
2026-01-28T11:00:02Z,4.84,8.6
2026-01-28T11:00:02Z,0.07,0.43
2026-01-28T12:00:02Z,4.88,8.56
2026-01-28T12:00:02Z,0.07,0.43
2026-01-28T13:00:02Z,4.92,8.52
2026-01-28T13:00:02Z,0.07,0.43
2026-01-28T14:00:01Z,4.96,8.48
2026-01-28T14:00:01Z,0.07,0.43
2026-01-28T15:00:02Z,5.0,8.44
2026-01-28T15:00:02Z,0.07,0.43
2026-01-28T16:00:01Z,5.04,8.4
2026-01-28T16:00:01Z,0.07,0.43
